-- 1. LÀM SẠCH DATABASE
DROP TABLE IF EXISTS reviews;
DROP TABLE IF EXISTS product_images; -- Bỏ bảng này vì giờ gộp vào products
DROP TABLE IF EXISTS products;
DROP TABLE IF EXISTS categories;
DROP TABLE IF EXISTS users;

-- 2. BẢNG USERS
CREATE TABLE users (
    id INT AUTO_INCREMENT PRIMARY KEY,
    full_name VARCHAR(100) NOT NULL,
    email VARCHAR(100) UNIQUE NOT NULL,
    password VARCHAR(255) NOT NULL,
    phone VARCHAR(20),
    address VARCHAR(255),
    role ENUM('admin', 'member') DEFAULT 'member',
    created_at TIMESTAMP DEFAULT CURRENT_TIMESTAMP
);

-- 3. BẢNG CATEGORIES
CREATE TABLE categories (
    id INT AUTO_INCREMENT PRIMARY KEY,
    name VARCHAR(100) NOT NULL,
    description TEXT
);

-- 4. BẢNG PRODUCTS (Cấu trúc mới theo yêu cầu)
CREATE TABLE products (
    id INT AUTO_INCREMENT PRIMARY KEY,
    category_id INT,
    name VARCHAR(255) NOT NULL,
    price DECIMAL(15, 2) NOT NULL,
    old_price DECIMAL(15, 2), -- Giá cũ để làm "Giảm giá"
    amount INT DEFAULT 100, -- Số lượng kho
    
    -- Ảnh
    image VARCHAR(255), -- Ảnh chính
    image1 VARCHAR(255),
    image2 VARCHAR(255),
    image3 VARCHAR(255),
    
    -- Thông số kỹ thuật
    chip VARCHAR(100),
    ram VARCHAR(50),
    screen VARCHAR(150),
    battery VARCHAR(100),
    guarantee VARCHAR(100) DEFAULT '12 Tháng',
    
    outstanding TEXT, -- Mô tả nổi bật
    rating FLOAT DEFAULT 5,
    is_featured TINYINT(1) DEFAULT 0,
    created_at TIMESTAMP DEFAULT CURRENT_TIMESTAMP,
    FOREIGN KEY (category_id) REFERENCES categories(id) ON DELETE SET NULL
);

-- 5. BẢNG REVIEWS (Đánh giá & Comment)
CREATE TABLE reviews (
    id INT AUTO_INCREMENT PRIMARY KEY,
    product_id INT,
    user_name VARCHAR(100), -- Lưu tên người comment (hoặc join user_id)
    rating INT DEFAULT 5,
    comment TEXT,
    created_at TIMESTAMP DEFAULT CURRENT_TIMESTAMP,
    FOREIGN KEY (product_id) REFERENCES products(id) ON DELETE CASCADE
);

-- --- DATA SEEDING (Dữ liệu mẫu) ---

-- User
INSERT INTO users (full_name, email, password, role) VALUES 
('Admin', 'admin@techstore.com', '123456', 'admin'),
('Nguyễn Văn A', 'user@gmail.com', '123456', 'member');

-- Danh mục
INSERT INTO categories (id, name) VALUES 
(1, 'Laptop'), (2, 'Điện thoại'), (3, 'Tai nghe'), 
(4, 'Đồng hồ'), (5, 'Tablet'), (6, 'Camera');

-- --- SẢN PHẨM: ĐIỆN THOẠI (Cat ID: 2) - 16 Sản phẩm ---
INSERT INTO products (category_id, name, price, old_price, image, image1, image2, image3, chip, ram, screen, battery, outstanding, rating, is_featured) VALUES
(2, 'iPhone 15 Pro Max 256GB', 29990000, 34990000, 
 'https://cdn2.cellphones.com.vn/insecure/rs:fill:358:358/q:90/plain/https://cellphones.com.vn/media/catalog/product/i/p/iphone-15-pro-max_3.jpg',
 'https://cdn2.cellphones.com.vn/insecure/rs:fill:358:358/q:90/plain/https://cellphones.com.vn/media/catalog/product/i/p/iphone-15-pro-max_2.jpg',
 'https://cdn2.cellphones.com.vn/insecure/rs:fill:358:358/q:90/plain/https://cellphones.com.vn/media/catalog/product/i/p/iphone-15-pro-max_1.jpg',
 'https://cdn2.cellphones.com.vn/insecure/rs:fill:358:358/q:90/plain/https://cellphones.com.vn/media/catalog/product/i/p/iphone-15-pro-max_4.jpg',
 'Apple A17 Pro', '8GB', '6.7 inch OLED 120Hz', '4422 mAh', 'Khung viền Titan bền bỉ, nút Action Button mới, cổng Type-C tốc độ cao.', 5.0, 1),

(2, 'Samsung Galaxy S24 Ultra', 28990000, 33990000, 
 'https://cdn2.cellphones.com.vn/insecure/rs:fill:358:358/q:90/plain/https://cellphones.com.vn/media/catalog/product/s/s/ss-s24-ultra-xam-222.jpg',
 'https://cdn2.cellphones.com.vn/insecure/rs:fill:358:358/q:90/plain/https://cellphones.com.vn/media/catalog/product/s/a/samsung-s24-ultra-vang_1.jpg',
 'https://cdn2.cellphones.com.vn/insecure/rs:fill:358:358/q:90/plain/https://cellphones.com.vn/media/catalog/product/s/a/samsung-s24-ultra-tim.jpg',
 'https://cdn2.cellphones.com.vn/insecure/rs:fill:358:358/q:90/plain/https://cellphones.com.vn/media/catalog/product/s/a/samsung-s24-ultra-den.jpg',
 'Snapdragon 8 Gen 3', '12GB', '6.8 inch QHD+ 120Hz', '5000 mAh', 'Tích hợp Galaxy AI, khung Titan, camera 200MP zoom 100x.', 4.9, 1),

(2, 'Xiaomi 14 Ultra 5G', 26990000, 29990000, 
 'https://cdn2.cellphones.com.vn/insecure/rs:fill:358:358/q:90/plain/https://cellphones.com.vn/media/catalog/product/x/i/xiaomi-14-ultra_1__1.jpg',
 'https://cdn2.cellphones.com.vn/insecure/rs:fill:358:358/q:90/plain/https://cellphones.com.vn/media/catalog/product/x/i/xiaomi-14-ultra_2__1.jpg',
 'https://cdn2.cellphones.com.vn/insecure/rs:fill:358:358/q:90/plain/https://cellphones.com.vn/media/catalog/product/x/i/xiaomi-14-ultra_3__1.jpg',
 'https://cdn2.cellphones.com.vn/insecure/rs:fill:358:358/q:90/plain/https://cellphones.com.vn/media/catalog/product/x/i/xiaomi-14-ultra_4__1.jpg',
 'Snapdragon 8 Gen 3', '16GB', '6.73 inch AMOLED 120Hz', '5000 mAh', 'Camera Leica cảm biến 1 inch, sạc nhanh 90W.', 4.8, 1),

(2, 'iPhone 13 128GB', 13990000, 16990000, 'https://cdn2.cellphones.com.vn/insecure/rs:fill:358:358/q:90/plain/https://cellphones.com.vn/media/catalog/product/i/p/iphone-13_2_.jpg', '', '', '', 'Apple A15 Bionic', '4GB', '6.1 inch OLED', '3240 mAh', 'Thiết kế camera chéo, hiệu năng vẫn rất mạnh mẽ trong tầm giá.', 4.7, 1),
(2, 'Samsung Galaxy A55 5G', 9990000, 11990000, 'https://cdn2.cellphones.com.vn/insecure/rs:fill:358:358/q:90/plain/https://cellphones.com.vn/media/catalog/product/s/a/samsung-galaxy-a55-5g-xanh-01.jpg', '', '', '', 'Exynos 1480', '8GB', '6.6 inch Super AMOLED', '5000 mAh', 'Thiết kế khung kim loại, chống nước IP67.', 4.5, 1),
(2, 'OPPO Reno11 F 5G', 8490000, 8990000, 'https://cdn2.cellphones.com.vn/insecure/rs:fill:358:358/q:90/plain/https://cellphones.com.vn/media/catalog/product/o/p/oppo-reno-11-f-tim-1.jpg', '', '', '', 'Dimensity 7050', '8GB', '6.7 inch AMOLED', '5000 mAh', 'Camera chuyên gia chân dung, sạc nhanh 67W.', 4.6, 1),
(2, 'Xiaomi Redmi Note 13 Pro', 6490000, 7290000, 'https://cdn2.cellphones.com.vn/insecure/rs:fill:358:358/q:90/plain/https://cellphones.com.vn/media/catalog/product/x/i/xiaomi-redmi-note-13-pro-4g-vang-thumb-1-1.jpg', '', '', '', 'Helio G99 Ultra', '8GB', '6.67 inch AMOLED', '5000 mAh', 'Camera 200MP, màn hình viền siêu mỏng.', 4.4, 0),
(2, 'iPhone 11 64GB', 8990000, 11990000, 'https://cdn2.cellphones.com.vn/insecure/rs:fill:358:358/q:90/plain/https://cellphones.com.vn/media/catalog/product/i/p/iphone-11-64gb-chinh-hang_5_.jpg', '', '', '', 'Apple A13 Bionic', '4GB', '6.1 inch IPS', '3110 mAh', 'Huyền thoại iPhone giá rẻ, pin trâu.', 4.3, 0),
(2, 'Samsung Galaxy Z Flip5', 16990000, 25990000, 'https://cdn2.cellphones.com.vn/insecure/rs:fill:358:358/q:90/plain/https://cellphones.com.vn/media/catalog/product/s/a/samsung-galaxy-z-flip-5-256gb-thumb.jpg', '', '', '', 'Snapdragon 8 Gen 2', '8GB', '6.7 inch Foldable', '3700 mAh', 'Màn hình phụ Flex Window lớn, gập không kẽ hở.', 4.8, 1),
(2, 'ASUS ROG Phone 8', 29990000, 31990000, 'https://cdn2.cellphones.com.vn/insecure/rs:fill:358:358/q:90/plain/https://cellphones.com.vn/media/catalog/product/a/s/asus-rog-phone-8_1.jpg', '', '', '', 'Snapdragon 8 Gen 3', '12GB', '6.78 inch 165Hz', '5500 mAh', 'Gaming Phone tối thượng, thiết kế mới thanh lịch hơn.', 5.0, 1),
(2, 'Vivo V30e 5G', 9490000, 10490000, 'https://cdn2.cellphones.com.vn/insecure/rs:fill:358:358/q:90/plain/https://cellphones.com.vn/media/catalog/product/v/i/vivo-v30e.jpg', '', '', '', 'Snapdragon 6 Gen 1', '8GB', '6.78 inch AMOLED', '5500 mAh', 'Vòng sáng Aura, thiết kế mỏng nhẹ.', 4.5, 0),
(2, 'Realme C65', 3690000, 3990000, 'https://cdn2.cellphones.com.vn/insecure/rs:fill:358:358/q:90/plain/https://cellphones.com.vn/media/catalog/product/r/e/realme-c65-tim-1.jpg', '', '', '', 'Helio G85', '6GB', '6.67 inch IPS', '5000 mAh', 'Sạc nhanh 45W trong phân khúc giá rẻ.', 4.2, 0),
(2, 'iPhone 15 Plus 128GB', 22990000, 25990000, 'https://cdn2.cellphones.com.vn/insecure/rs:fill:358:358/q:90/plain/https://cellphones.com.vn/media/catalog/product/i/p/iphone-15-plus_1__1.jpg', '', '', '', 'Apple A16 Bionic', '6GB', '6.7 inch OLED', '4383 mAh', 'Dynamic Island, pin trâu nhất dòng iPhone 15.', 4.7, 1),
(2, 'Samsung Galaxy S23 FE', 11990000, 14890000, 'https://cdn2.cellphones.com.vn/insecure/rs:fill:358:358/q:90/plain/https://cellphones.com.vn/media/catalog/product/s/a/samsung-galaxy-s23-fe-xanh_2.jpg', '', '', '', 'Exynos 2200', '8GB', '6.4 inch AMOLED', '4500 mAh', 'Phiên bản Fan Edition, hiệu năng flagship giá tốt.', 4.6, 0),
(2, 'Xiaomi 13T 5G', 10990000, 12990000, 'https://cdn2.cellphones.com.vn/insecure/rs:fill:358:358/q:90/plain/https://cellphones.com.vn/media/catalog/product/x/i/xiaomi-13t_1_.jpg', '', '', '', 'Dimensity 8200 Ultra', '12GB', '6.67 inch 144Hz', '5000 mAh', 'Camera Leica, màn hình 144Hz siêu mượt.', 4.5, 0),
(2, 'Nubia Neo 2 5G', 4690000, 4990000, 'https://cdn2.cellphones.com.vn/insecure/rs:fill:358:358/q:90/plain/https://cellphones.com.vn/media/catalog/product/n/u/nubia-neo-2_3_.jpg', '', '', '', 'Unisoc T820', '8GB', '6.72 inch 120Hz', '6000 mAh', 'Gaming phone giá rẻ, thiết kế hầm hố, pin khủng.', 4.3, 0);

-- --- SẢN PHẨM: TABLET (Cat ID: 5) - 16 Sản phẩm ---
INSERT INTO products (category_id, name, price, old_price, image, image1, image2, image3, chip, ram, screen, battery, outstanding, rating, is_featured) VALUES
(5, 'iPad Pro M4 11 inch', 28990000, 30990000, 'https://cdn2.cellphones.com.vn/insecure/rs:fill:358:358/q:90/plain/https://cellphones.com.vn/media/catalog/product/i/p/ipad-pro-13-2024-wifi-den-1_1.jpg', '', '', '', 'Apple M4', '8GB', '11 inch OLED', 'N/A', 'Siêu mỏng nhẹ, màn hình OLED Tandem đỉnh cao.', 5.0, 1),
(5, 'Samsung Galaxy Tab S9 Ultra', 24990000, 32990000, 'https://cdn2.cellphones.com.vn/insecure/rs:fill:358:358/q:90/plain/https://cellphones.com.vn/media/catalog/product/s/a/samsung-galaxy-tab-s9-ultra-wifi-xam-1.jpg', '', '', '', 'Snapdragon 8 Gen 2', '12GB', '14.6 inch AMOLED', '11200 mAh', 'Màn hình khổng lồ, chống nước IP68.', 4.9, 1),
(5, 'iPad Air 6 M2 11 inch', 16990000, 18990000, 'https://cdn2.cellphones.com.vn/insecure/rs:fill:358:358/q:90/plain/https://cellphones.com.vn/media/catalog/product/i/p/ipad-air-6-11-inch-m2-wifi-thumb.jpg', '', '', '', 'Apple M2', '8GB', '11 inch IPS', 'N/A', 'Hiệu năng mạnh mẽ với chip M2, nhiều màu sắc.', 4.8, 1),
(5, 'Xiaomi Pad 6', 8490000, 9990000, 'https://cdn2.cellphones.com.vn/insecure/rs:fill:358:358/q:90/plain/https://cellphones.com.vn/media/catalog/product/x/i/xiaomi-pad-6_1_.jpg', '', '', '', 'Snapdragon 870', '8GB', '11 inch 144Hz', '8840 mAh', 'Màn hình 144Hz, hiệu năng ổn định.', 4.7, 0),
(5, 'iPad Gen 10 64GB WiFi', 8990000, 10990000, 'https://cdn2.cellphones.com.vn/insecure/rs:fill:358:358/q:90/plain/https://cellphones.com.vn/media/catalog/product/i/p/ipad-10-9-inch-2022_2.jpg', '', '', '', 'Apple A14 Bionic', '4GB', '10.9 inch IPS', 'N/A', 'Thiết kế mới viền mỏng, cổng USB-C.', 4.6, 1),
(5, 'Samsung Galaxy Tab S9 FE', 7990000, 9990000, 'https://cdn2.cellphones.com.vn/insecure/rs:fill:358:358/q:90/plain/https://cellphones.com.vn/media/catalog/product/s/a/samsung-galaxy-tab-s9-fe-wifi-xam-1.jpg', '', '', '', 'Exynos 1380', '6GB', '10.9 inch 90Hz', '8000 mAh', 'Kèm bút S-Pen, chống nước.', 4.5, 0),
(5, 'Lenovo Tab M11', 5490000, 6490000, 'https://cdn2.cellphones.com.vn/insecure/rs:fill:358:358/q:90/plain/https://cellphones.com.vn/media/catalog/product/l/e/lenovo-tab-m11.jpg', '', '', '', 'Helio G88', '4GB', '11 inch IPS', '7040 mAh', 'Giá rẻ, màn hình lớn cho học tập.', 4.3, 0),
(5, 'iPad Mini 6 WiFi 64GB', 11990000, 13990000, 'https://cdn2.cellphones.com.vn/insecure/rs:fill:358:358/q:90/plain/https://cellphones.com.vn/media/catalog/product/i/p/ipad-mini-6-purple-1.jpg', '', '', '', 'Apple A15 Bionic', '4GB', '8.3 inch IPS', 'N/A', 'Nhỏ gọn, mạnh mẽ, dễ mang theo.', 4.8, 1),
(5, 'Samsung Galaxy Tab A9+', 4990000, 5990000, 'https://cdn2.cellphones.com.vn/insecure/rs:fill:358:358/q:90/plain/https://cellphones.com.vn/media/catalog/product/s/a/samsung-galaxy-tab-a9-plus-wifi-bac-1.jpg', '', '', '', 'Snapdragon 695', '4GB', '11 inch 90Hz', '7040 mAh', 'Tablet giải trí giá bình dân tốt nhất.', 4.2, 0),
(5, 'OPPO Pad Neo', 6490000, 6990000, 'https://cdn2.cellphones.com.vn/insecure/rs:fill:358:358/q:90/plain/https://cellphones.com.vn/media/catalog/product/o/p/oppo-pad-neo.jpg', '', '', '', 'Helio G99', '6GB', '11.4 inch 2.4K', '8000 mAh', 'Màn hình đẹp tỉ lệ 7:5 độc đáo.', 4.4, 0),
(5, 'Huawei MatePad 11.5', 6990000, 7490000, 'https://cdn2.cellphones.com.vn/insecure/rs:fill:358:358/q:90/plain/https://cellphones.com.vn/media/catalog/product/m/a/matepad-11.5.jpg', '', '', '', 'Snapdragon 7 Gen 1', '6GB', '11.5 inch 120Hz', '7700 mAh', 'Hỗ trợ Google qua Gbox, màn hình 120Hz.', 4.5, 0),
(5, 'iPad Pro 12.9 M2', 34990000, 37990000, 'https://cdn2.cellphones.com.vn/insecure/rs:fill:358:358/q:90/plain/https://cellphones.com.vn/media/catalog/product/i/p/ipad-pro-12-9-2022-wifi-xam-1.jpg', '', '', '', 'Apple M2', '8GB', '12.9 inch Mini-LED', 'N/A', 'Màn hình Mini-LED xuất sắc cho đồ họa.', 5.0, 1),
(5, 'Xiaomi Redmi Pad SE', 4490000, 4990000, 'https://cdn2.cellphones.com.vn/insecure/rs:fill:358:358/q:90/plain/https://cellphones.com.vn/media/catalog/product/x/i/xiaomi-redmi-pad-se_1_.jpg', '', '', '', 'Snapdragon 680', '4GB', '11 inch 90Hz', '8000 mAh', 'Thiết kế nhôm nguyên khối, 4 loa Dolby Atmos.', 4.1, 0),
(5, 'Samsung Galaxy Tab S6 Lite 2024', 8490000, 9990000, 'https://cdn2.cellphones.com.vn/insecure/rs:fill:358:358/q:90/plain/https://cellphones.com.vn/media/catalog/product/t/a/tab_s6_lite_2024.jpg', '', '', '', 'Exynos 1280', '4GB', '10.4 inch TFT', '7040 mAh', 'Bản nâng cấp 2024, kèm bút S-Pen.', 4.3, 0),
(5, 'Masstel Tab 10S', 2990000, 3490000, 'https://cdn2.cellphones.com.vn/insecure/rs:fill:358:358/q:90/plain/https://cellphones.com.vn/media/catalog/product/m/a/masstel-tab-10s_1_.jpg', '', '', '', 'Unisoc T310', '3GB', '10.1 inch IPS', '6000 mAh', 'Tablet giá rẻ thương hiệu Việt.', 3.8, 0),
(5, 'Coolpad Tab Tasker 10', 1990000, 2490000, 'https://cdn2.cellphones.com.vn/insecure/rs:fill:358:358/q:90/plain/https://cellphones.com.vn/media/catalog/product/c/o/coolpad-tasker-10-wifi.jpg', '', '', '', 'Entry Level', '2GB', '10 inch', '5000 mAh', 'Tablet cơ bản nhất.', 3.5, 0);

-- --- SẢN PHẨM: LAPTOP (Cat ID: 1) - 16 Sản phẩm ---
INSERT INTO products (category_id, name, price, old_price, image, image1, image2, image3, chip, ram, screen, battery, outstanding, rating, is_featured) VALUES
(1, 'MacBook Pro 14 M3', 49990000, 52990000, 'https://cdn2.cellphones.com.vn/insecure/rs:fill:358:358/q:90/plain/https://cellphones.com.vn/media/catalog/product/m/a/macbook_pro_14_m3_gray.jpg', '', '', '', 'Apple M3 Pro', '18GB', '14 inch Liquid Retina XDR', '72.4 Wh', 'Mạnh mẽ, màn hình đẹp nhất thế giới laptop.', 5.0, 1),
(1, 'MacBook Air M2 13 inch', 24990000, 28990000, 'https://cdn2.cellphones.com.vn/insecure/rs:fill:358:358/q:90/plain/https://cellphones.com.vn/media/catalog/product/m/a/macbook-air-m2-midnight.jpg', '', '', '', 'Apple M2', '8GB', '13.6 inch IPS', '52.6 Wh', 'Mỏng nhẹ, thiết kế tai thỏ thời thượng.', 4.8, 1),
(1, 'ASUS ROG Strix G16', 32990000, 35990000, 'https://cdn2.cellphones.com.vn/insecure/rs:fill:358:358/q:90/plain/https://cellphones.com.vn/media/catalog/product/l/a/laptop-asus-rog-strix-g16-g614ju-n3135w-thumbnails.jpg', '', '', '', 'i7-13650HX', '16GB', '16 inch FHD+ 165Hz', '90 Wh', 'Cấu hình khủng, LED RGB đẹp mắt.', 4.9, 1),
(1, 'Dell XPS 13 Plus', 45990000, 51990000, 'https://cdn2.cellphones.com.vn/insecure/rs:fill:358:358/q:90/plain/https://cellphones.com.vn/media/catalog/product/l/a/laptop-dell-xps-13-plus-9320-1.jpg', '', '', '', 'i7-1360P', '16GB', '13.4 inch OLED 3.5K', '55 Wh', 'Thiết kế tương lai, bàn phím vô cực.', 4.7, 1),
(1, 'MSI Gaming Cyborg 15', 18490000, 21990000, 'https://cdn2.cellphones.com.vn/insecure/rs:fill:358:358/q:90/plain/https://cellphones.com.vn/media/catalog/product/l/a/laptop-msi-gaming-cyborg-15-a12ve-240vn.jpg', '', '', '', 'i7-12650H', '8GB', '15.6 inch 144Hz', '53.5 Wh', 'Thiết kế trong suốt, giá tốt.', 4.5, 0),
(1, 'Acer Nitro 5 Tiger', 19990000, 23990000, 'https://cdn2.cellphones.com.vn/insecure/rs:fill:358:358/q:90/plain/https://cellphones.com.vn/media/catalog/product/l/a/laptop-gaming-acer-nitro-5-tiger-an515-58-52sp.jpg', '', '', '', 'i5-12500H', '8GB', '15.6 inch 144Hz', '57 Wh', 'Quốc dân gaming, tản nhiệt tốt.', 4.6, 1),
(1, 'HP Pavilion 15', 16990000, 18990000, 'https://cdn2.cellphones.com.vn/insecure/rs:fill:358:358/q:90/plain/https://cellphones.com.vn/media/catalog/product/l/a/laptop-hp-pavilion-15-eg3093tu-8c5l4pa.jpg', '', '', '', 'i5-1335U', '16GB', '15.6 inch IPS', '41 Wh', 'Văn phòng sang trọng, vỏ kim loại.', 4.4, 0),
(1, 'Lenovo ThinkPad X1 Carbon', 42990000, 48990000, 'https://cdn2.cellphones.com.vn/insecure/rs:fill:358:358/q:90/plain/https://cellphones.com.vn/media/catalog/product/l/e/lenovo-thinkpad-x1-carbon-gen-10-8.jpg', '', '', '', 'i7-1260P', '16GB', '14 inch WUXGA', '57 Wh', 'Siêu bền, bàn phím gõ sướng nhất.', 4.9, 1),
(1, 'Asus Zenbook 14 OLED', 24990000, 27990000, 'https://cdn2.cellphones.com.vn/insecure/rs:fill:358:358/q:90/plain/https://cellphones.com.vn/media/catalog/product/a/s/asus-zenbook-14-oled-ux3405ma-pp151w.jpg', '', '', '', 'Ultra 7 155H', '16GB', '14 inch OLED 3K', '75 Wh', 'Chip AI mới nhất, màn hình OLED rực rỡ.', 4.7, 1),
(1, 'LG Gram 2023 14 inch', 28990000, 32990000, 'https://cdn2.cellphones.com.vn/insecure/rs:fill:358:358/q:90/plain/https://cellphones.com.vn/media/catalog/product/l/g/lg-gram-2023-14-inch-i7.jpg', '', '', '', 'i7-1340P', '16GB', '14 inch IPS', '72 Wh', 'Siêu nhẹ chỉ 999g, pin trâu.', 4.6, 0),
(1, 'Surface Pro 9', 26990000, 29990000, 'https://cdn2.cellphones.com.vn/insecure/rs:fill:358:358/q:90/plain/https://cellphones.com.vn/media/catalog/product/s/u/surface-pro-9-i5.jpg', '', '', '', 'i5-1235U', '8GB', '13 inch PixelSense', '47.7 Wh', 'Laptop lai máy tính bảng đẳng cấp.', 4.8, 1),
(1, 'Dell Inspiron 15 3520', 12990000, 14990000, 'https://cdn2.cellphones.com.vn/insecure/rs:fill:358:358/q:90/plain/https://cellphones.com.vn/media/catalog/product/l/a/laptop-dell-inspiron-15-3520-i5u085w11blu-thumbnails.jpg', '', '', '', 'i5-1235U', '8GB', '15.6 inch 120Hz', '41 Wh', 'Giá tốt cho sinh viên.', 4.3, 0),
(1, 'Asus Vivobook 15', 11490000, 13490000, 'https://cdn2.cellphones.com.vn/insecure/rs:fill:358:358/q:90/plain/https://cellphones.com.vn/media/catalog/product/a/s/asus-vivobook-15-x1504za-nj517w.jpg', '', '', '', 'i3-1215U', '8GB', '15.6 inch FHD', '42 Wh', 'Bền bỉ, bản lề mở 180 độ.', 4.4, 0),
(1, 'MacBook Air M1', 18490000, 22990000, 'https://cdn2.cellphones.com.vn/insecure/rs:fill:358:358/q:90/plain/https://cellphones.com.vn/media/catalog/product/m/a/macbook-air-m1-2020-gray_1.jpg', '', '', '', 'Apple M1', '8GB', '13.3 inch Retina', '49.9 Wh', 'Vẫn rất ngon trong tầm giá.', 4.9, 0),
(1, 'Lenovo Legion 5', 29990000, 33990000, 'https://cdn2.cellphones.com.vn/insecure/rs:fill:358:358/q:90/plain/https://cellphones.com.vn/media/catalog/product/l/a/laptop-lenovo-legion-5-15arh7-82re002wvn-1.jpg', '', '', '', 'Ryzen 7 6800H', '16GB', '15.6 inch 165Hz', '80 Wh', 'Thiết kế tối giản, hiệu năng cao.', 4.8, 0),
(1, 'Gigabyte G5 MF', 20990000, 24990000, 'https://cdn2.cellphones.com.vn/insecure/rs:fill:358:358/q:90/plain/https://cellphones.com.vn/media/catalog/product/g/i/gigabyte-g5-mf-f2vn333sh.jpg', '', '', '', 'i5-12450H', '8GB', '15.6 inch 144Hz', '54 Wh', 'Card rời RTX 4050 giá rẻ.', 4.5, 0);

-- Các danh mục khác tôi để trống để tiết kiệm dung lượng, bạn có thể copy paste sửa ID và Tên tương tự.

-- --- 1. BỔ SUNG TAI NGHE (Category ID: 3) ---
INSERT INTO products (category_id, name, price, old_price, image, image1, image2, image3, chip, ram, screen, battery, outstanding, rating, is_featured) VALUES
(3, 'Sony INZONE Buds', 4990000, 5490000, 'https://cdn2.cellphones.com.vn/insecure/rs:fill:358:358/q:90/plain/https://cellphones.com.vn/media/catalog/product/t/a/tai-nghe-sony-inzone-buds-2.jpg', '', '', '', 'Sony V1', 'N/A', 'N/A', '12 giờ', 'Tai nghe Gaming True Wireless, độ trễ cực thấp.', 4.8, 1),
(3, 'ASUS ROG Cetra True Wireless', 1990000, 2290000, 'https://cdn2.cellphones.com.vn/insecure/rs:fill:358:358/q:90/plain/https://cellphones.com.vn/media/catalog/product/t/a/tai-nghe-khong-day-asus-rog-cetra-true-wireless-trang_3.jpg', '', '', '', 'N/A', 'N/A', 'LED RGB', '27 giờ', 'Chế độ Gaming Mode, chống ồn ANC, đèn LED RGB.', 4.7, 1),
(3, 'Marshall Motif II A.N.C', 4990000, 5990000, 'https://cdn2.cellphones.com.vn/insecure/rs:fill:358:358/q:90/plain/https://cellphones.com.vn/media/catalog/product/t/a/tai-nghe-bluetooth-marshall-motif-ii-a-n-c_2_.jpg', '', '', '', 'N/A', 'N/A', 'N/A', '30 giờ', 'Thiết kế đậm chất Rock, chống ồn chủ động cải tiến.', 4.6, 0),
(3, 'JBL Quantum TWS', 2490000, 3990000, 'https://cdn2.cellphones.com.vn/insecure/rs:fill:358:358/q:90/plain/https://cellphones.com.vn/media/catalog/product/t/a/tai-nghe-khong-day-jbl-quantum-tws_1.jpg', '', '', '', 'N/A', 'N/A', 'N/A', '24 giờ', 'Kết nối Dongle Type-C 2.4GHz không độ trễ.', 4.5, 0),
(3, 'Sony WH-CH720N', 2990000, 3490000, 'https://cdn2.cellphones.com.vn/insecure/rs:fill:358:358/q:90/plain/https://cellphones.com.vn/media/catalog/product/t/a/tai-nghe-chup-tai-sony-wh-ch720n_1.jpg', '', '', '', 'V1 Processor', 'N/A', 'N/A', '35 giờ', 'Tai nghe chụp tai chống ồn nhẹ nhất của Sony.', 4.7, 0),
(3, 'Bose QuietComfort 45', 6490000, 8490000, 'https://cdn2.cellphones.com.vn/insecure/rs:fill:358:358/q:90/plain/https://cellphones.com.vn/media/catalog/product/t/a/tai-nghe-bose-quietcomfort-45_2_.jpg', '', '', '', 'N/A', 'N/A', 'N/A', '24 giờ', 'Huyền thoại chống ồn, cảm giác đeo thoải mái.', 4.8, 1),
(3, 'Sennheiser Accentum Plus', 4990000, 5990000, 'https://cdn2.cellphones.com.vn/insecure/rs:fill:358:358/q:90/plain/https://cellphones.com.vn/media/catalog/product/t/a/tai-nghe-chup-tai-sennheiser-accentum-plus-wireless_1_.jpg', '', '', '', 'N/A', 'N/A', 'N/A', '50 giờ', 'Pin cực khủng 50 giờ, âm thanh chi tiết.', 4.6, 0),
(3, 'SoundPEATS Air4 Pro', 1690000, 1990000, 'https://cdn2.cellphones.com.vn/insecure/rs:fill:358:358/q:90/plain/https://cellphones.com.vn/media/catalog/product/t/a/tai-nghe-khong-day-soundpeats-air4-pro_1_.jpg', '', '', '', 'Qualcomm QCC3071', 'N/A', 'N/A', '26 giờ', 'Hỗ trợ AptX Lossless, giá rẻ cấu hình cao.', 4.5, 0),
(3, 'Huawei FreeClip', 3990000, 4990000, 'https://cdn2.cellphones.com.vn/insecure/rs:fill:358:358/q:90/plain/https://cellphones.com.vn/media/catalog/product/h/u/huawei-freeclip_2_.jpg', '', '', '', 'N/A', 'N/A', 'N/A', '36 giờ', 'Thiết kế C-bridge độc đáo, không đau tai.', 4.4, 1),
(3, 'Shokz OpenRun Pro', 4290000, 4990000, 'https://cdn2.cellphones.com.vn/insecure/rs:fill:358:358/q:90/plain/https://cellphones.com.vn/media/catalog/product/t/a/tai-nghe-dan-truyen-xuong-shokz-openrun-pro-s810_3.jpg', '', '', '', 'N/A', 'N/A', 'N/A', '10 giờ', 'Tai nghe dẫn truyền xương tốt nhất cho chạy bộ.', 4.9, 0),
(3, 'Jabra Elite 10', 5990000, 6990000, 'https://cdn2.cellphones.com.vn/insecure/rs:fill:358:358/q:90/plain/https://cellphones.com.vn/media/catalog/product/t/a/tai-nghe-khong-day-jabra-elite-10.jpg', '', '', '', 'N/A', 'N/A', 'N/A', '27 giờ', 'Công nghệ Dolby Atmos Head Tracking.', 4.7, 0),
(3, 'Monster XKT10', 450000, 990000, 'https://cdn2.cellphones.com.vn/insecure/rs:fill:358:358/q:90/plain/https://cellphones.com.vn/media/catalog/product/t/a/tai-nghe-khong-day-monster-xkt10_1_.jpg', '', '', '', 'N/A', 'N/A', 'N/A', '20 giờ', 'Tai nghe Gaming giá rẻ thiết kế Spinner.', 4.2, 0);

-- --- 2. BỔ SUNG ĐỒNG HỒ (Category ID: 4) ---
INSERT INTO products (category_id, name, price, old_price, image, image1, image2, image3, chip, ram, screen, battery, outstanding, rating, is_featured) VALUES
(4, 'Garmin Fenix 7 Pro Solar', 23990000, 25990000, 'https://cdn2.cellphones.com.vn/insecure/rs:fill:358:358/q:90/plain/https://cellphones.com.vn/media/catalog/product/d/o/dong-ho-thong-minh-garmin-fenix-7-pro-solar_4_.jpg', '', '', '', 'N/A', 'N/A', '1.3 inch MIP', '22 ngày', 'Sạc năng lượng mặt trời, đèn pin tích hợp.', 5.0, 1),
(4, 'Samsung Galaxy Watch6', 5990000, 6990000, 'https://cdn2.cellphones.com.vn/insecure/rs:fill:358:358/q:90/plain/https://cellphones.com.vn/media/catalog/product/s/a/samsung-galaxy-watch-6-44mm-xanh-thumb.jpg', '', '', '', 'Exynos W930', '2GB', '1.5 inch Super AMOLED', '40 giờ', 'Viền màn hình mỏng hơn, theo dõi giấc ngủ chuyên sâu.', 4.8, 1),
(4, 'Amazfit Balance', 5990000, 6590000, 'https://cdn2.cellphones.com.vn/insecure/rs:fill:358:358/q:90/plain/https://cellphones.com.vn/media/catalog/product/d/o/dong-ho-thong-minh-amazfit-balance_3_.jpg', '', '', '', 'N/A', 'N/A', '1.5 inch AMOLED', '14 ngày', 'Cân bằng cuộc sống, đo thành phần cơ thể.', 4.7, 0),
(4, 'Xiaomi Redmi Watch 4', 2390000, 2690000, 'https://cdn2.cellphones.com.vn/insecure/rs:fill:358:358/q:90/plain/https://cellphones.com.vn/media/catalog/product/x/i/xiaomi-redmi-watch-4_2_.jpg', '', '', '', 'N/A', 'N/A', '1.97 inch AMOLED', '20 ngày', 'Màn hình lớn nhất dòng Redmi Watch, khung nhôm.', 4.6, 1),
(4, 'Garmin Epix Gen 2', 20990000, 22490000, 'https://cdn2.cellphones.com.vn/insecure/rs:fill:358:358/q:90/plain/https://cellphones.com.vn/media/catalog/product/g/a/garmin-epix-gen-2-titanium.jpg', '', '', '', 'N/A', '32GB', '1.3 inch AMOLED', '16 ngày', 'Màn hình AMOLED rực rỡ trên dòng thể thao cao cấp.', 4.9, 0),
(4, 'Huawei Watch GT Cyber', 4490000, 5490000, 'https://cdn2.cellphones.com.vn/insecure/rs:fill:358:358/q:90/plain/https://cellphones.com.vn/media/catalog/product/h/u/huawei-watch-gt-cyber-den_2.jpg', '', '', '', 'N/A', 'N/A', '1.32 inch AMOLED', '7 ngày', 'Thiết kế tháo rời khung vỏ độc đáo.', 4.5, 0),
(4, 'Suunto Race', 11990000, 13990000, 'https://cdn2.cellphones.com.vn/insecure/rs:fill:358:358/q:90/plain/https://cellphones.com.vn/media/catalog/product/d/o/dong-ho-thong-minh-suunto-race-ban-thep_1.jpg', '', '', '', 'N/A', 'N/A', '1.43 inch AMOLED', '26 ngày', 'Núm xoay Digital Crown, bản đồ offline miễn phí.', 4.7, 0),
(4, 'Garmin Lily 2', 6490000, 6990000, 'https://cdn2.cellphones.com.vn/insecure/rs:fill:358:358/q:90/plain/https://cellphones.com.vn/media/catalog/product/d/o/dong-ho-thong-minh-garmin-lily-2-day-da_1.jpg', '', '', '', 'N/A', 'N/A', 'LCD ẩn', '5 ngày', 'Thiết kế trang sức nhỏ gọn dành cho nữ.', 4.4, 0),
(4, 'Kieslect Ks Pro', 1690000, 2190000, 'https://cdn2.cellphones.com.vn/insecure/rs:fill:358:358/q:90/plain/https://cellphones.com.vn/media/catalog/product/k/i/kieslect-ks-pro.jpg', '', '', '', 'N/A', 'N/A', '2.01 inch AMOLED', '6 ngày', 'Màn hình siêu lớn, gọi điện Bluetooth ổn định.', 4.3, 0),
(4, 'Apple Watch Series 8 Thép', 16990000, 19990000, 'https://cdn2.cellphones.com.vn/insecure/rs:fill:358:358/q:90/plain/https://cellphones.com.vn/media/catalog/product/a/p/apple-watch-series-8-41mm-4g-vien-thep-day-thep-bac_1_1.jpg', '', '', '', 'Apple S8', 'N/A', '1.9 inch OLED', '18 giờ', 'Vỏ thép sang trọng, mặt kính Sapphire.', 4.9, 0),
(4, 'SoundPEATS Watch 4', 890000, 1290000, 'https://cdn2.cellphones.com.vn/insecure/rs:fill:358:358/q:90/plain/https://cellphones.com.vn/media/catalog/product/d/o/dong-ho-thong-minh-soundpeats-watch-4_2.jpg', '', '', '', 'N/A', 'N/A', '1.85 inch HD', '7 ngày', 'Giá rẻ, đầy đủ tính năng cơ bản.', 4.1, 0),
(4, 'Masstel Smart Hero 4G', 1990000, 2490000, 'https://cdn2.cellphones.com.vn/insecure/rs:fill:358:358/q:90/plain/https://cellphones.com.vn/media/catalog/product/d/o/dong-ho-dinh-vi-tre-em-masstel-smart-hero-4g_2_.jpg', '', '', '', 'N/A', 'N/A', '1.4 inch', '2 ngày', 'Đồng hồ định vị trẻ em, hỗ trợ sim 4G.', 4.0, 0);

-- --- 3. BỔ SUNG CAMERA (Category ID: 6) ---
-- Lưu ý: ID 6 là Camera. Nếu hệ thống của bạn ID 5 là Camera thì sửa số 6 thành 5.
INSERT INTO products (category_id, name, price, old_price, image, image1, image2, image3, chip, ram, screen, battery, outstanding, rating, is_featured) VALUES
(6, 'Sony ZV-1 II', 18990000, 20990000, 'https://cdn2.cellphones.com.vn/insecure/rs:fill:358:358/q:90/plain/https://cellphones.com.vn/media/catalog/product/m/a/may-anh-sony-zv-1-ii_3_.jpg', '', '', '', 'BIONZ X', 'N/A', '3 inch Touch', '45 phút quay', 'Ống kính góc rộng 18-50mm, chuyên Vlog.', 4.7, 1),
(6, 'Canon EOS R10 Kit 18-45mm', 23990000, 26990000, 'https://cdn2.cellphones.com.vn/insecure/rs:fill:358:358/q:90/plain/https://cellphones.com.vn/media/catalog/product/m/a/may-anh-canon-eos-r10-kit-18-45mm_1.jpg', '', '', '', 'DIGIC X', 'N/A', '3 inch Vari-angle', 'N/A', 'Máy ảnh Mirrorless Crop mạnh mẽ, lấy nét nhanh.', 4.8, 1),
(6, 'Nikon Z30 Kit 16-50mm', 18490000, 20490000, 'https://cdn2.cellphones.com.vn/insecure/rs:fill:358:358/q:90/plain/https://cellphones.com.vn/media/catalog/product/m/a/may-anh-nikon-z30-kit-16-50mm-vr_2_.jpg', '', '', '', 'EXPEED 6', 'N/A', '3 inch Flip', 'N/A', 'Thiết kế cho Content Creator, quay 4K không crop.', 4.6, 0),
(6, 'Fujifilm X-S20 Body', 31990000, 33990000, 'https://cdn2.cellphones.com.vn/insecure/rs:fill:358:358/q:90/plain/https://cellphones.com.vn/media/catalog/product/m/a/may-anh-fujifilm-x-s20-body_3_.jpg', '', '', '', 'X-Processor 5', 'N/A', '3 inch Vari-angle', '750 shots', 'Pin trâu, chế độ Vlog mới, quay 6.2K.', 4.9, 1),
(6, 'DJI Osmo Pocket 3', 12990000, 14990000, 'https://cdn2.cellphones.com.vn/insecure/rs:fill:358:358/q:90/plain/https://cellphones.com.vn/media/catalog/product/m/a/may-quay-cam-tay-dji-osmo-pocket-3_3_.jpg', '', '', '', 'N/A', 'N/A', '2 inch Rotatable', '166 phút', 'Cảm biến 1 inch, màn hình xoay dọc ngang.', 5.0, 1),
(6, 'Insta360 GO 3 64GB', 9990000, 10990000, 'https://cdn2.cellphones.com.vn/insecure/rs:fill:358:358/q:90/plain/https://cellphones.com.vn/media/catalog/product/c/a/camera-hanh-trinh-insta360-go-3-64gb_2_.jpg', '', '', '', 'N/A', 'N/A', '2.2 inch Flip', '170 phút', 'Camera hành trình nhỏ nhất thế giới.', 4.7, 0),
(6, 'Sony A6400 Kit 16-50mm', 22990000, 24990000, 'https://cdn2.cellphones.com.vn/insecure/rs:fill:358:358/q:90/plain/https://cellphones.com.vn/media/catalog/product/s/o/sony-alpha-6400-bac-1.jpg', '', '', '', 'BIONZ X', 'N/A', '3 inch Tilt', '360 shots', 'Lấy nét mắt thời gian thực, best seller tầm trung.', 4.8, 0),
(6, 'Panasonic Lumix GH6 Body', 41990000, 46990000, 'https://cdn2.cellphones.com.vn/insecure/rs:fill:358:358/q:90/plain/https://cellphones.com.vn/media/catalog/product/m/a/may-anh-panasonic-lumix-dc-gh6-body-den_2_.jpg', '', '', '', 'Venus Engine', 'N/A', '3 inch Vari-angle', 'N/A', 'Quái vật quay phim chuẩn điện ảnh.', 4.7, 0),
(6, 'Canon EOS R8 Body', 36990000, 3990000, 'https://cdn2.cellphones.com.vn/insecure/rs:fill:358:358/q:90/plain/https://cellphones.com.vn/media/catalog/product/m/a/may-anh-canon-eos-r8-body_2_.jpg', '', '', '', 'DIGIC X', 'N/A', '3 inch', 'N/A', 'Full-frame nhẹ nhất của Canon.', 4.7, 0),
(6, 'DJI Mini 4 Pro', 21490000, 23490000, 'https://cdn2.cellphones.com.vn/insecure/rs:fill:358:358/q:90/plain/https://cellphones.com.vn/media/catalog/product/f/l/flycam-dji-mini-4-pro-rc-n2_2_.jpg', '', '', '', 'N/A', 'N/A', 'N/A', '34 phút', 'Flycam mini an toàn nhất với cảm biến đa hướng.', 4.9, 1),
(6, 'GoPro Hero 11 Black Mini', 6990000, 8490000, 'https://cdn2.cellphones.com.vn/insecure/rs:fill:358:358/q:90/plain/https://cellphones.com.vn/media/catalog/product/g/o/gopro-hero-11-black-mini.jpg', '', '', '', 'GP2', 'N/A', 'Không màn hình', 'Enduro', 'Nhỏ gọn, gắn mũ bảo hiểm cực tiện.', 4.5, 0),
(6, 'Insta360 X3', 10490000, 11490000, 'https://cdn2.cellphones.com.vn/insecure/rs:fill:358:358/q:90/plain/https://cellphones.com.vn/media/catalog/product/c/a/camera-hanh-trinh-insta360-x3_2_.jpg', '', '', '', 'N/A', 'N/A', '2.29 inch', '81 phút', 'Quay 360 độ sáng tạo, chống rung FlowState.', 4.8, 0);


























-- -----------------------------------------------------------------------
-- 1. LAPTOP (Nguồn: TGDD CDN - 12 SP)
-- -----------------------------------------------------------------------
INSERT INTO products (category_id, name, price, old_price, image, chip, ram, screen, battery, rating, is_featured) VALUES
(1, 'MacBook Air M1 2020', 18490000, 22990000, 'https://cdn.tgdd.vn/Products/Images/44/231244/macbook-air-m1-2020-gray-600x600.jpg', 'Apple M1', '8GB', '13.3" Retina', '49.9Wh', 4.9, 1),
(1, 'Asus TUF Gaming F15', 19990000, 24990000, 'https://cdn.tgdd.vn/Products/Images/44/304872/asus-tuf-gaming-f15-fx506hf-i5-hn014w-1.jpg', 'i5 11400H', '8GB', '15.6" 144Hz', '48Wh', 4.7, 1),
(1, 'HP Pavilion 15', 16990000, 18990000, 'https://cdn.tgdd.vn/Products/Images/44/306826/hp-pavilion-15-eg2082tu-i5-7c0q5pa-1.jpg', 'i5 1240P', '8GB', '15.6" IPS', '41Wh', 4.5, 0),
(1, 'Lenovo Ideapad 3', 12490000, 14990000, 'https://cdn.tgdd.vn/Products/Images/44/306355/lenovo-ideapad-3-15iau7-i3-82rk001nvn-1.jpg', 'i3 1215U', '8GB', '15.6" FHD', '45Wh', 4.3, 0),
(1, 'Dell Vostro 3520', 14990000, 16990000, 'https://cdn.tgdd.vn/Products/Images/44/309189/dell-vostro-3520-i5-5m2tt2-1.jpg', 'i5 1235U', '8GB', '15.6" 120Hz', '41Wh', 4.4, 0),
(1, 'MacBook Pro 14 M3', 49990000, 52990000, 'https://cdn.tgdd.vn/Products/Images/44/318229/macbook-pro-14-inch-m3-2023-1.jpg', 'Apple M3', '8GB', '14.2" XDR', '70Wh', 5.0, 1),
(1, 'MSI Gaming GF63', 15490000, 17990000, 'https://cdn.tgdd.vn/Products/Images/44/303500/msi-gaming-gf63-thin-11sc-i5-664vn-1.jpg', 'i5 11400H', '8GB', '15.6" 144Hz', '52.4Wh', 4.6, 0),
(1, 'Acer Nitro 5 Tiger', 21990000, 24990000, 'https://cdn.tgdd.vn/Products/Images/44/272691/acer-nitro-5-tiger-an515-58-52sp-i5-1.jpg', 'i5 12500H', '8GB', '15.6" 144Hz', '57Wh', 4.7, 1),
(1, 'Asus Zenbook 14 OLED', 24990000, 27990000, 'https://cdn.tgdd.vn/Products/Images/44/305495/asus-zenbook-14-oled-ux3402va-i5-km085w-1.jpg', 'i5 1340P', '16GB', '14" OLED', '75Wh', 4.8, 0),
(1, 'Acer Aspire 7', 17990000, 21990000, 'https://cdn.tgdd.vn/Products/Images/44/305623/acer-aspire-7-gaming-a715-76g-5132-i5-nhqmesv002-1.jpg', 'i5 12450H', '8GB', '15.6" 144Hz', '50Wh', 4.5, 0),
(1, 'Lenovo Yoga Slim 7', 26990000, 29990000, 'https://cdn.tgdd.vn/Products/Images/44/307261/lenovo-yoga-slim-7-14irp8-i7-83a4000nvn-1.jpg', 'i7 1360P', '16GB', '14" OLED', '65Wh', 4.9, 0),
(1, 'HP 15s', 13990000, 15990000, 'https://cdn.tgdd.vn/Products/Images/44/306825/hp-15s-fq5229tu-i3-8u237pa-1.jpg', 'i3 1215U', '8GB', '15.6" FHD', '41Wh', 4.2, 0);

-- -----------------------------------------------------------------------
-- 2. ĐIỆN THOẠI (Nguồn: TGDD CDN - 12 SP)
-- -----------------------------------------------------------------------
INSERT INTO products (category_id, name, price, old_price, image, chip, ram, screen, battery, rating, is_featured) VALUES
(2, 'iPhone 15 Pro Max', 29990000, 34990000, 'https://cdn.tgdd.vn/Products/Images/42/305658/iphone-15-pro-max-blue-thumbnew-600x600.jpg', 'A17 Pro', '8GB', '6.7" OLED', '4422 mAh', 5.0, 1),
(2, 'Samsung S24 Ultra', 28990000, 33990000, 'https://cdn.tgdd.vn/Products/Images/42/307174/samsung-galaxy-s24-ultra-grey-thumbnew-600x600.jpg', 'SD 8 Gen 3', '12GB', '6.8" QHD+', '5000 mAh', 4.9, 1),
(2, 'Xiaomi 14 5G', 22990000, 24990000, 'https://cdn.tgdd.vn/Products/Images/42/314226/xiaomi-14-black-thumb-600x600.jpg', 'SD 8 Gen 3', '12GB', '6.36" OLED', '4610 mAh', 4.8, 1),
(2, 'OPPO Reno11 F', 8490000, 8990000, 'https://cdn.tgdd.vn/Products/Images/42/321520/oppo-reno11-f-purple-thumb-600x600.jpg', 'Dimensity 7050', '8GB', '6.7" AMOLED', '5000 mAh', 4.7, 0),
(2, 'Vivo V30e', 9490000, 10490000, 'https://cdn.tgdd.vn/Products/Images/42/321312/vivo-v30e-tim-thumb-1-600x600.jpg', 'SD 6 Gen 1', '8GB', '6.78" AMOLED', '5500 mAh', 4.6, 0),
(2, 'Samsung Galaxy A55', 9990000, 11990000, 'https://cdn.tgdd.vn/Products/Images/42/322625/samsung-galaxy-a55-5g-xanh-thumb-1-600x600.jpg', 'Exynos 1480', '8GB', '6.6" AMOLED', '5000 mAh', 4.5, 0),
(2, 'iPhone 13 128GB', 13990000, 16990000, 'https://cdn.tgdd.vn/Products/Images/42/251192/iphone-13-starlight-1-600x600.jpg', 'A15 Bionic', '4GB', '6.1" OLED', '3240 mAh', 4.7, 1),
(2, 'Redmi Note 13 Pro', 6490000, 7290000, 'https://cdn.tgdd.vn/Products/Images/42/309834/xiaomi-redmi-note-13-pro-thumb-tim-600x600.jpg', 'Helio G99', '8GB', '6.67" AMOLED', '5000 mAh', 4.4, 0),
(2, 'Samsung S23 FE', 11990000, 14890000, 'https://cdn.tgdd.vn/Products/Images/42/306994/samsung-galaxy-s23-fe-mint-thumbnew-600x600.jpg', 'Exynos 2200', '8GB', '6.4" AMOLED', '4500 mAh', 4.6, 0),
(2, 'Realme C65', 3690000, 3990000, 'https://cdn.tgdd.vn/Products/Images/42/322364/realme-c65-purple-thumb-600x600.jpg', 'Helio G85', '6GB', '6.67" IPS', '5000 mAh', 4.2, 0),
(2, 'Xiaomi 13T', 10990000, 12990000, 'https://cdn.tgdd.vn/Products/Images/42/309816/xiaomi-13t-xanh-duong-thumb-600x600.jpg', 'Dimensity 8200', '12GB', '6.67" 144Hz', '5000 mAh', 4.5, 0),
(2, 'iPhone 11', 8990000, 11990000, 'https://cdn.tgdd.vn/Products/Images/42/153856/iphone-11-trang-600x600.jpg', 'A13 Bionic', '4GB', '6.1" IPS', '3110 mAh', 4.3, 0);

-- -----------------------------------------------------------------------
-- 3. TAI NGHE (Nguồn: TGDD & Sony VN - 12 SP)
-- -----------------------------------------------------------------------
INSERT INTO products (category_id, name, price, old_price, image, chip, battery, rating, is_featured) VALUES
(3, 'AirPods Pro 2 USB-C', 5690000, 6190000, 'https://cdn.tgdd.vn/Products/Images/54/289710/airpods-pro-2-thumb-600x600.jpg', 'Apple H2', '30 giờ', 4.9, 1),
(3, 'Sony WH-1000XM5', 7490000, 8990000, 'https://cdn.tgdd.vn/Products/Images/54/279330/sony-wh-1000xm5-bac-thumb-600x600.jpg', 'V1 + QN1', '30 giờ', 4.8, 1),
(3, 'Galaxy Buds2 Pro', 2990000, 4990000, 'https://cdn.tgdd.vn/Products/Images/54/286087/samsung-galaxy-buds2-pro-r510n-thumb-tim-600x600.jpg', 'Samsung', '18 giờ', 4.6, 1),
(3, 'JBL Tour Pro 2', 5990000, 6990000, 'https://cdn.tgdd.vn/Products/Images/54/310906/tai-nghe-bluetooth-tws-jbl-tour-pro-2-thumb-600x600.jpg', 'N/A', '40 giờ', 4.7, 0),
(3, 'Marshall Major IV', 3290000, 3990000, 'https://cdn.tgdd.vn/Products/Images/54/299044/tai-nghe-chup-tai-bluetooth-marshall-major-iv-den-thumb-600x600.jpg', 'N/A', '80 giờ', 4.7, 1),
(3, 'Sony WF-1000XM5', 5990000, 6990000, 'https://cdn.tgdd.vn/Products/Images/54/311233/tai-nghe-bluetooth-tws-sony-wf-1000xm5-den-thumb-600x600.jpg', 'V2', '24 giờ', 4.7, 1),
(3, 'AirPods 3 Lightning', 3990000, 4490000, 'https://cdn.tgdd.vn/Products/Images/54/253802/airpods-3-hop-sac-khong-day-thumb-600x600.jpg', 'Apple H1', '30 giờ', 4.8, 1),
(3, 'OPPO Enco Air3', 1590000, 1990000, 'https://cdn.tgdd.vn/Products/Images/54/303921/oppo-enco-air-3-e3t-trang-thumb-1-600x600.jpg', 'N/A', '25 giờ', 4.5, 0),
(3, 'SoundPEATS Air3', 890000, 1190000, 'https://cdn.tgdd.vn/Products/Images/54/275922/tai-nghe-bluetooth-tws-soundpeats-air3-den-thumb-600x600.jpg', 'Qualcomm', '17 giờ', 4.4, 0),
(3, 'JBL Live Pro 2', 2990000, 3990000, 'https://cdn.tgdd.vn/Products/Images/54/286008/jbl-live-pro-2-thumb-600x600.jpg', 'N/A', '40 giờ', 4.5, 0),
(3, 'Sony INZONE Buds', 4990000, 5490000, 'https://www.sony.com.vn/image/5d02da5df552836db894cead8a68f5f3?fmt=pjpeg&wid=330&bgcolor=FFFFFF&bgc=FFFFFF', 'Sony V1', '12 giờ', 4.8, 0),
(3, 'Huawei FreeBuds 5i', 1490000, 1890000, 'https://cdn.tgdd.vn/Products/Images/54/302433/huawei-freebuds-5i-xanh-thumb-1-600x600.jpg', 'N/A', '28 giờ', 4.5, 0);

-- -----------------------------------------------------------------------
-- 4. ĐỒNG HỒ (Nguồn: TGDD CDN - 12 SP)
-- -----------------------------------------------------------------------
INSERT INTO products (category_id, name, price, old_price, image, chip, battery, rating, is_featured) VALUES
(4, 'Apple Watch Ultra 2', 21990000, 23990000, 'https://cdn.tgdd.vn/Products/Images/7077/316009/apple-watch-ultra-2-lte-49mm-vien-titan-day-alpine-blue-thumb-600x600.jpg', 'Apple S9', '36 giờ', 5.0, 1),
(4, 'Galaxy Watch6 Classic', 6990000, 8990000, 'https://cdn.tgdd.vn/Products/Images/7077/308407/samsung-galaxy-watch6-classic-43mm-den-thumb-600x600.jpg', 'Exynos W930', '40 giờ', 4.7, 1),
(4, 'Garmin Fenix 7 Pro', 23990000, 25990000, 'https://cdn.tgdd.vn/Products/Images/7077/309864/garmin-fenix-7-pro-solar-titanium-47mm-den-thumb-600x600.jpg', 'N/A', '22 ngày', 4.9, 1),
(4, 'Apple Watch SE 2023', 6190000, 6990000, 'https://cdn.tgdd.vn/Products/Images/7077/316036/apple-watch-se-2023-gps-40mm-vien-nhom-day-silicone-xanh-den-thumb-600x600.jpg', 'Apple S8', '18 giờ', 4.7, 0),
(4, 'Xiaomi Watch 2', 3990000, 4690000, 'https://cdn.tgdd.vn/Products/Images/7077/322337/xiaomi-watch-2-47-6mm-thumb-600x600.jpg', 'Snapdragon W5', '65 giờ', 4.4, 0),
(4, 'Huawei Watch GT 4', 4990000, 5990000, 'https://cdn.tgdd.vn/Products/Images/7077/315375/huawei-watch-gt-4-46mm-day-da-nau-thumb-1-600x600.jpg', 'N/A', '14 ngày', 4.5, 1),
(4, 'Amazfit GTR 4', 4290000, 4990000, 'https://cdn.tgdd.vn/Products/Images/7077/291629/amazfit-gtr-4-46mm-day-da-thumb-1-600x600.jpg', 'N/A', '14 ngày', 4.5, 0),
(4, 'Garmin Venu 3', 12290000, 12990000, 'https://cdn.tgdd.vn/Products/Images/7077/314359/garmin-venu-3-45mm-day-silicone-den-thumb-1-600x600.jpg', 'N/A', '14 ngày', 4.6, 0),
(4, 'Samsung Galaxy Fit3', 1190000, 1390000, 'https://cdn.tgdd.vn/Products/Images/7077/322023/samsung-galaxy-fit3-den-thumb-600x600.jpg', 'N/A', '13 ngày', 4.3, 0),
(4, 'Xiaomi Smart Band 8', 890000, 1090000, 'https://cdn.tgdd.vn/Products/Images/7077/306563/xiaomi-mi-band-8-den-thumb-600x600.jpg', 'N/A', '16 ngày', 4.4, 0),
(4, 'Garmin Instinct 2X', 11690000, 12690000, 'https://cdn.tgdd.vn/Products/Images/7077/308563/garmin-instinct-2x-solar-tactical-50mm-den-thumb-600x600.jpg', 'N/A', 'Vô hạn', 4.8, 1),
(4, 'Coros Pace 3', 5990000, 6490000, 'https://cdn.tgdd.vn/Products/Images/7077/316629/coros-pace-3-41-9mm-day-nilon-trang-thumb-1-600x600.jpg', 'N/A', '24 ngày', 4.7, 0);

-- -----------------------------------------------------------------------
-- 5. TABLET (Nguồn: TGDD CDN - 12 SP)
-- -----------------------------------------------------------------------
INSERT INTO products (category_id, name, price, old_price, image, chip, ram, screen, battery, rating, is_featured) VALUES
(5, 'iPad Pro M4 11"', 28990000, 30990000, 'https://cdn.tgdd.vn/Products/Images/522/325513/ipad-pro-11-inch-m4-wifi-black-thumb-600x600.jpg', 'Apple M4', '8GB', '11" OLED', 'N/A', 5.0, 1),
(5, 'Galaxy Tab S9 Ultra', 24990000, 32990000, 'https://cdn.tgdd.vn/Products/Images/522/308330/samsung-galaxy-tab-s9-ultra-xam-thumb-600x600.jpg', 'SD 8 Gen 2', '12GB', '14.6" AMOLED', '11200mAh', 4.9, 1),
(5, 'iPad Air 6 M2', 16990000, 18990000, 'https://cdn.tgdd.vn/Products/Images/522/325528/ipad-air-11-inch-m2-wifi-blue-thumb-600x600.jpg', 'Apple M2', '8GB', '11" IPS', 'N/A', 4.8, 1),
(5, 'Xiaomi Pad 6', 8490000, 9990000, 'https://cdn.tgdd.vn/Products/Images/522/304697/xiaomi-pad-6-grey-thumb-600x600.jpg', 'SD 870', '8GB', '11" 144Hz', '8840mAh', 4.7, 0),
(5, 'iPad Gen 10', 8990000, 10990000, 'https://cdn.tgdd.vn/Products/Images/522/294106/ipad-gen-10-wifi-bac-thumb-600x600.jpg', 'A14 Bionic', '4GB', '10.9" IPS', 'N/A', 4.6, 1),
(5, 'Galaxy Tab S9 FE', 7990000, 9990000, 'https://cdn.tgdd.vn/Products/Images/522/315060/samsung-galaxy-tab-s9-fe-wifi-mint-thumb-600x600.jpg', 'Exynos 1380', '6GB', '10.9" 90Hz', '8000mAh', 4.5, 0),
(5, 'Lenovo Tab M11', 5490000, 6490000, 'https://cdn.tgdd.vn/Products/Images/522/321340/lenovo-tab-m11-thumb-600x600.jpg', 'Helio G88', '4GB', '11" IPS', '7040mAh', 4.3, 0),
(5, 'iPad Mini 6', 11990000, 13990000, 'https://cdn.tgdd.vn/Products/Images/522/247516/ipad-mini-6-wifi-tim-thumb-600x600.jpg', 'A15 Bionic', '4GB', '8.3" IPS', 'N/A', 4.8, 1),
(5, 'Galaxy Tab A9+', 4990000, 5990000, 'https://cdn.tgdd.vn/Products/Images/522/316752/samsung-galaxy-tab-a9-plus-wifi-bac-thumb-600x600.jpg', 'SD 695', '4GB', '11" 90Hz', '7040mAh', 4.2, 0),
(5, 'OPPO Pad Neo', 6490000, 6990000, 'https://cdn.tgdd.vn/Products/Images/522/320750/oppo-pad-neo-thumb-600x600.jpg', 'Helio G99', '6GB', '11.4" 2.4K', '8000mAh', 4.4, 0),
(5, 'Huawei MatePad 11.5', 6990000, 7490000, 'https://cdn.tgdd.vn/Products/Images/522/318892/huawei-matepad-115-xam-thumb-600x600.jpg', 'SD 7 Gen 1', '6GB', '11.5" 120Hz', '7700mAh', 4.5, 0),
(5, 'Redmi Pad SE', 4490000, 4990000, 'https://cdn.tgdd.vn/Products/Images/522/314735/xiaomi-redmi-pad-se-gray-thumb-600x600.jpg', 'SD 680', '4GB', '11" 90Hz', '8000mAh', 4.1, 0);

-- -----------------------------------------------------------------------
-- 6. CAMERA (Nguồn: Sony/Canon/GoPro Official & Stable CDN - 12 SP)
-- -----------------------------------------------------------------------
INSERT INTO products (category_id, name, price, old_price, image, chip, battery, rating, is_featured) VALUES
(6, 'Sony Alpha A6700', 32990000, 35990000, 'https://www.sony.com.vn/image/9cd690293560df7f0820223662d4234c?fmt=pjpeg&wid=330&bgcolor=FFFFFF&bgc=FFFFFF', 'BIONZ XR', '570 shots', 4.9, 1),
(6, 'Fujifilm X-T5', 43990000, 46990000, 'https://fujifilm-x.com/global/products/cameras/x-t5/img/index/pic_01.png', 'X-Trans 5', '740 shots', 4.8, 1),
(6, 'Canon EOS R50', 19990000, 22990000, 'https://vn.canon/media/image/2023/02/06/7736076b08074c9394c922c0d329726e_EOS+R50+Black+Front.png', 'DIGIC X', '370 shots', 4.7, 1),
(6, 'GoPro Hero 12', 9990000, 11990000, 'https://gopro.com/resources/demeter/images/products/HERO12Black/Camera-Float-H12.jpg', 'GP2', 'Enduro', 4.8, 1),
(6, 'Sony Alpha A7 IV', 56990000, 62990000, 'https://www.sony.com.vn/image/0e873220527020d0763d385799420d2f?fmt=pjpeg&wid=330&bgcolor=FFFFFF&bgc=FFFFFF', 'BIONZ XR', '580 shots', 5.0, 1),
(6, 'DJI Osmo Action 4', 7990000, 9490000, 'https://dji-official-fe.djicdn.com/dps/50e80902330732d0a48027305260e930.png', 'N/A', '160 phút', 4.6, 1),
(6, 'Insta360 Ace Pro', 11190000, 11990000, 'https://store.insta360.com/product/ace-pro/assets/ace-pro.png', '5nm AI', '100 phút', 4.7, 1),
(6, 'Canon EOS R8', 36990000, 39900000, 'https://vn.canon/media/image/2023/02/06/9e308f0603c444249f74f33432222979_EOS+R8+Front.png', 'DIGIC X', '290 shots', 4.7, 0),
(6, 'Fujifilm X100VI', 44990000, 48990000, 'https://fujifilm-x.com/global/products/cameras/x100vi/img/index/pic_01.png', 'X-Trans 5', '450 shots', 4.9, 1),
(6, 'Sony ZV-E10', 16990000, 18990000, 'https://www.sony.com.vn/image/b27635a429f59288836d89d36335ce15?fmt=pjpeg&wid=330&bgcolor=FFFFFF&bgc=FFFFFF', 'BIONZ X', '440 shots', 4.5, 0),
(6, 'Nikon Z f', 48990000, 51990000, 'https://cdn.nikon-asia.com/media/wysiwyg/2023/Zf/Zf_black_front.png', 'EXPEED 7', '380 shots', 4.8, 0),
(6, 'DJI Pocket 3', 12990000, 14990000, 'https://dji-official-fe.djicdn.com/dps/7c929953239353f2969560527375966c.png', 'N/A', '166 phút', 4.9, 1);







-- Thêm vài comment mẫu cho iPhone 15 Pro Max (ID 1)
INSERT INTO reviews (product_id, user_name, rating, comment) VALUES
(1, 'Nguyễn Văn A', 5, 'Máy quá đẹp, pin trâu, chụp hình nét căng!'),
(1, 'Trần Thị B', 4, 'Hơi nóng khi chơi game nặng, còn lại ok.'),
(1, 'Lê Văn C', 5, 'Giao hàng nhanh, đóng gói kỹ.');





















-- bo sung cho review 

INSERT INTO reviews (product_id, user_name, rating, comment) VALUES
(1, 'Phan Thu B', 2, 'Nóng khi chạy phần mềm nặng.'),
(1, 'Trần Thị A', 3, 'Máy chạy mượt, hiệu năng cao.'),
(1, 'Huỳnh Quốc B', 1, 'Pin trâu, dùng cả ngày.'),
(1, 'Đặng Thu E', 4, 'Giá cả hợp lý so với chất lượng.'),
(1, 'Nguyễn Hoài I', 3, 'Máy chạy mượt, hiệu năng cao.'),
(1, 'Trần Ngọc M', 3, 'Thiết kế đẹp, sang trọng.'),
(1, 'Đặng Văn L', 4, 'Nóng khi chạy phần mềm nặng.'),
(1, 'Huỳnh Thanh F', 2, 'Loa nghe hay, âm thanh tốt.'),
(1, 'Bùi Thu L', 5, 'Bàn phím êm, gõ thoải mái.'),
(1, 'Bùi Quốc L', 1, 'Pin trâu, dùng cả ngày.'),
(1, 'Nguyễn Văn L', 1, 'Bàn phím êm, gõ thoải mái.'),
(1, 'Lê Thanh B', 3, 'Hơi nặng, khó mang theo.'),
(2, 'Phan Kim N', 1, 'Thiết kế đẹp, sang trọng.'),
(2, 'Phan Thu C', 4, 'Loa nghe hay, âm thanh tốt.'),
(2, 'Phan Ngọc L', 5, 'Giá cả hợp lý so với chất lượng.'),
(2, 'Phạm Hữu F', 4, 'Màn hình đẹp, màu sắc sống động.'),
(2, 'Phan Minh B', 3, 'Pin trâu, dùng cả ngày.'),
(2, 'Đặng Kim L', 1, 'Giá cả hợp lý so với chất lượng.'),
(2, 'Vũ Minh F', 4, 'Máy chạy mượt, hiệu năng cao.'),
(2, 'Huỳnh Hữu D', 4, 'Cập nhật phần mềm nhanh chóng.'),
(2, 'Hoàng Hữu N', 4, 'Máy chạy mượt, hiệu năng cao.'),
(2, 'Đặng Thanh M', 5, 'Bàn phím êm, gõ thoải mái.'),
(2, 'Hoàng Ngọc D', 4, 'Bàn phím êm, gõ thoải mái.'),
(3, 'Phạm Hữu C', 5, 'Màn hình đẹp, màu sắc sống động.'),
(3, 'Huỳnh Ngọc H', 5, 'Màn hình đẹp, màu sắc sống động.'),
(3, 'Phan Thị D', 4, 'Máy chạy mượt, hiệu năng cao.'),
(3, 'Bùi Thị H', 4, 'Thiết kế đẹp, sang trọng.'),
(3, 'Phạm Minh I', 4, 'Nóng khi chạy phần mềm nặng.'),
(3, 'Phan Minh H', 2, 'Bàn phím êm, gõ thoải mái.'),
(3, 'Đặng Thị F', 2, 'Cập nhật phần mềm nhanh chóng.'),
(3, 'Lê Hữu F', 1, 'Thiết kế đẹp, sang trọng.'),
(3, 'Nguyễn Thu G', 5, 'Bàn phím êm, gõ thoải mái.'),
(3, 'Trần Kim L', 1, 'Giá cả hợp lý so với chất lượng.'),
(4, 'Đặng Thanh L', 4, 'Nóng khi chạy phần mềm nặng.'),
(4, 'Trần Văn N', 2, 'Máy chạy mượt, hiệu năng cao.'),
(4, 'Vũ Quốc F', 2, 'Hơi nặng, khó mang theo.'),
(4, 'Đặng Minh B', 5, 'Giá cả hợp lý so với chất lượng.'),
(4, 'Bùi Văn M', 3, 'Nóng khi chạy phần mềm nặng.'),
(4, 'Trần Văn H', 3, 'Giá cả hợp lý so với chất lượng.'),
(4, 'Nguyễn Hoài B', 4, 'Hơi nặng, khó mang theo.'),
(4, 'Bùi Văn D', 3, 'Cập nhật phần mềm nhanh chóng.'),
(4, 'Vũ Thanh A', 2, 'Thiết kế đẹp, sang trọng.'),
(4, 'Phan Văn G', 3, 'Màn hình đẹp, màu sắc sống động.'),
(4, 'Phạm Minh I', 1, 'Giá cả hợp lý so với chất lượng.'),
(4, 'Đặng Kim H', 2, 'Nóng khi chạy phần mềm nặng.'),
(4, 'Phạm Thu F', 4, 'Cập nhật phần mềm nhanh chóng.'),
(4, 'Đặng Minh E', 2, 'Loa nghe hay, âm thanh tốt.'),
(4, 'Phan Thị D', 3, 'Cập nhật phần mềm nhanh chóng.'),
(5, 'Phan Văn I', 5, 'Hơi nặng, khó mang theo.'),
(5, 'Vũ Văn G', 4, 'Pin trâu, dùng cả ngày.'),
(5, 'Hoàng Hoài K', 4, 'Bàn phím êm, gõ thoải mái.'),
(5, 'Phạm Thu N', 1, 'Cập nhật phần mềm nhanh chóng.'),
(5, 'Lê Thu D', 4, 'Nóng khi chạy phần mềm nặng.'),
(5, 'Trần Thị L', 2, 'Máy chạy mượt, hiệu năng cao.'),
(5, 'Bùi Hữu B', 1, 'Màn hình đẹp, màu sắc sống động.'),
(5, 'Vũ Thị N', 2, 'Giá cả hợp lý so với chất lượng.'),
(5, 'Phạm Minh N', 3, 'Máy chạy mượt, hiệu năng cao.'),
(5, 'Trần Ngọc D', 5, 'Hơi nặng, khó mang theo.'),
(5, 'Trần Kim M', 3, 'Máy chạy mượt, hiệu năng cao.'),
(5, 'Phạm Hữu G', 1, 'Màn hình đẹp, màu sắc sống động.'),
(5, 'Nguyễn Quốc J', 4, 'Pin trâu, dùng cả ngày.'),
(5, 'Trần Thu G', 1, 'Màn hình đẹp, màu sắc sống động.'),
(5, 'Phạm Hữu N', 2, 'Máy chạy mượt, hiệu năng cao.'),
(5, 'Huỳnh Minh J', 3, 'Cập nhật phần mềm nhanh chóng.'),
(5, 'Huỳnh Hoài G', 4, 'Hơi nặng, khó mang theo.'),
(6, 'Phạm Ngọc L', 3, 'Bàn phím êm, gõ thoải mái.'),
(6, 'Hoàng Kim N', 4, 'Bàn phím êm, gõ thoải mái.'),
(6, 'Vũ Hoài F', 1, 'Máy chạy mượt, hiệu năng cao.'),
(6, 'Nguyễn Kim H', 3, 'Hơi nặng, khó mang theo.'),
(6, 'Đặng Hữu G', 5, 'Máy chạy mượt, hiệu năng cao.'),
(6, 'Hoàng Minh E', 2, 'Bàn phím êm, gõ thoải mái.'),
(6, 'Nguyễn Hoài J', 1, 'Màn hình đẹp, màu sắc sống động.'),
(6, 'Hoàng Hoài J', 2, 'Giá cả hợp lý so với chất lượng.'),
(6, 'Hoàng Ngọc F', 3, 'Loa nghe hay, âm thanh tốt.'),
(6, 'Vũ Hữu F', 5, 'Bàn phím êm, gõ thoải mái.'),
(6, 'Phạm Thị B', 5, 'Máy chạy mượt, hiệu năng cao.'),
(6, 'Vũ Hữu N', 4, 'Màn hình đẹp, màu sắc sống động.'),
(7, 'Nguyễn Hoài B', 1, 'Thiết kế đẹp, sang trọng.'),
(7, 'Lê Văn H', 3, 'Hơi nặng, khó mang theo.'),
(7, 'Vũ Quốc C', 1, 'Giá cả hợp lý so với chất lượng.'),
(7, 'Phan Thanh L', 2, 'Cập nhật phần mềm nhanh chóng.'),
(7, 'Huỳnh Quốc F', 3, 'Bàn phím êm, gõ thoải mái.'),
(7, 'Lê Minh C', 4, 'Giá cả hợp lý so với chất lượng.'),
(7, 'Nguyễn Thanh K', 4, 'Máy chạy mượt, hiệu năng cao.'),
(8, 'Phan Ngọc L', 4, 'Màn hình đẹp, màu sắc sống động.'),
(8, 'Đặng Kim F', 2, 'Bàn phím êm, gõ thoải mái.'),
(8, 'Huỳnh Hoài L', 1, 'Loa nghe hay, âm thanh tốt.'),
(8, 'Phạm Minh D', 4, 'Nóng khi chạy phần mềm nặng.'),
(8, 'Hoàng Thị B', 1, 'Loa nghe hay, âm thanh tốt.'),
(8, 'Phạm Thị J', 4, 'Loa nghe hay, âm thanh tốt.'),
(8, 'Hoàng Hoài I', 2, 'Loa nghe hay, âm thanh tốt.'),
(8, 'Nguyễn Văn F', 2, 'Loa nghe hay, âm thanh tốt.'),
(8, 'Hoàng Thanh I', 5, 'Bàn phím êm, gõ thoải mái.'),
(9, 'Phan Thanh J', 4, 'Pin trâu, dùng cả ngày.'),
(9, 'Đặng Hữu H', 1, 'Bàn phím êm, gõ thoải mái.'),
(9, 'Hoàng Minh B', 5, 'Thiết kế đẹp, sang trọng.'),
(9, 'Trần Kim K', 1, 'Nóng khi chạy phần mềm nặng.'),
(9, 'Nguyễn Văn M', 3, 'Hơi nặng, khó mang theo.'),
(10, 'Đặng Ngọc N', 4, 'Cập nhật phần mềm nhanh chóng.'),
(10, 'Hoàng Văn C', 2, 'Máy chạy mượt, hiệu năng cao.'),
(10, 'Trần Ngọc N', 5, 'Loa nghe hay, âm thanh tốt.'),
(10, 'Trần Thanh G', 4, 'Bàn phím êm, gõ thoải mái.'),
(10, 'Phan Văn G', 3, 'Hơi nặng, khó mang theo.'),
(10, 'Hoàng Hữu C', 2, 'Thiết kế đẹp, sang trọng.'),
(10, 'Đặng Hoài H', 5, 'Bàn phím êm, gõ thoải mái.'),
(10, 'Huỳnh Thị C', 2, 'Hơi nặng, khó mang theo.'),
(10, 'Đặng Văn M', 1, 'Màn hình đẹp, màu sắc sống động.'),
(10, 'Lê Hữu K', 2, 'Nóng khi chạy phần mềm nặng.'),
(10, 'Huỳnh Văn N', 3, 'Máy chạy mượt, hiệu năng cao.'),
(10, 'Phan Hữu G', 5, 'Thiết kế đẹp, sang trọng.'),
(10, 'Hoàng Ngọc B', 5, 'Màn hình đẹp, màu sắc sống động.'),
(10, 'Nguyễn Hữu A', 5, 'Giá cả hợp lý so với chất lượng.'),
(10, 'Bùi Hữu B', 2, 'Giá cả hợp lý so với chất lượng.'),
(10, 'Phạm Thanh L', 5, 'Màn hình đẹp, màu sắc sống động.'),
(10, 'Đặng Kim N', 4, 'Loa nghe hay, âm thanh tốt.'),
(11, 'Huỳnh Quốc H', 5, 'Loa nghe hay, âm thanh tốt.'),
(11, 'Lê Minh M', 5, 'Pin trâu, dùng cả ngày.'),
(11, 'Bùi Hoài M', 5, 'Bàn phím êm, gõ thoải mái.'),
(11, 'Huỳnh Kim F', 2, 'Bàn phím êm, gõ thoải mái.'),
(11, 'Vũ Thu A', 1, 'Cập nhật phần mềm nhanh chóng.'),
(12, 'Vũ Kim A', 3, 'Màn hình đẹp, màu sắc sống động.'),
(12, 'Phạm Hoài N', 2, 'Hơi nặng, khó mang theo.'),
(12, 'Trần Quốc I', 1, 'Máy chạy mượt, hiệu năng cao.'),
(12, 'Trần Thu M', 5, 'Máy chạy mượt, hiệu năng cao.'),
(12, 'Trần Thu A', 1, 'Nóng khi chạy phần mềm nặng.'),
(12, 'Đặng Thị L', 1, 'Bàn phím êm, gõ thoải mái.'),
(12, 'Lê Ngọc A', 5, 'Hơi nặng, khó mang theo.'),
(12, 'Huỳnh Thu M', 4, 'Máy chạy mượt, hiệu năng cao.'),
(12, 'Đặng Thanh M', 2, 'Thiết kế đẹp, sang trọng.'),
(13, 'Lê Thanh B', 5, 'Giá cả hợp lý so với chất lượng.'),
(13, 'Đặng Hữu M', 4, 'Màn hình đẹp, màu sắc sống động.'),
(13, 'Huỳnh Ngọc C', 2, 'Pin trâu, dùng cả ngày.'),
(13, 'Trần Hữu E', 2, 'Giá cả hợp lý so với chất lượng.'),
(13, 'Đặng Thị J', 3, 'Loa nghe hay, âm thanh tốt.'),
(13, 'Nguyễn Ngọc K', 2, 'Loa nghe hay, âm thanh tốt.'),
(13, 'Phạm Minh D', 2, 'Máy chạy mượt, hiệu năng cao.'),
(13, 'Phạm Quốc G', 4, 'Thiết kế đẹp, sang trọng.'),
(13, 'Phạm Kim A', 4, 'Hơi nặng, khó mang theo.'),
(13, 'Phạm Thu K', 3, 'Máy chạy mượt, hiệu năng cao.'),
(14, 'Lê Quốc N', 2, 'Thiết kế đẹp, sang trọng.'),
(14, 'Vũ Kim G', 2, 'Giá cả hợp lý so với chất lượng.'),
(14, 'Đặng Minh M', 4, 'Máy chạy mượt, hiệu năng cao.'),
(14, 'Bùi Thu M', 4, 'Cập nhật phần mềm nhanh chóng.'),
(14, 'Hoàng Thu J', 4, 'Bàn phím êm, gõ thoải mái.'),
(14, 'Đặng Ngọc A', 3, 'Hơi nặng, khó mang theo.'),
(14, 'Trần Thanh E', 3, 'Nóng khi chạy phần mềm nặng.'),
(14, 'Bùi Văn C', 5, 'Pin trâu, dùng cả ngày.'),
(14, 'Lê Văn L', 3, 'Pin trâu, dùng cả ngày.'),
(14, 'Bùi Hoài A', 2, 'Hơi nặng, khó mang theo.'),
(15, 'Bùi Hoài I', 5, 'Hơi nặng, khó mang theo.'),
(15, 'Bùi Thị I', 4, 'Cập nhật phần mềm nhanh chóng.'),
(15, 'Bùi Thanh L', 2, 'Cập nhật phần mềm nhanh chóng.'),
(15, 'Đặng Hữu E', 2, 'Loa nghe hay, âm thanh tốt.'),
(15, 'Bùi Hữu J', 5, 'Loa nghe hay, âm thanh tốt.'),
(15, 'Trần Quốc E', 2, 'Nóng khi chạy phần mềm nặng.'),
(15, 'Lê Minh H', 3, 'Hơi nặng, khó mang theo.'),
(16, 'Bùi Minh L', 2, 'Máy chạy mượt, hiệu năng cao.'),
(16, 'Vũ Minh L', 4, 'Hơi nặng, khó mang theo.'),
(16, 'Nguyễn Hoài A', 5, 'Màn hình đẹp, màu sắc sống động.'),
(16, 'Huỳnh Hoài H', 1, 'Nóng khi chạy phần mềm nặng.'),
(16, 'Nguyễn Thị A', 4, 'Nóng khi chạy phần mềm nặng.'),
(16, 'Phan Hữu D', 2, 'Giá cả hợp lý so với chất lượng.'),
(17, 'Hoàng Quốc K', 4, 'Giá cả hợp lý so với chất lượng.'),
(17, 'Đặng Ngọc I', 2, 'Cập nhật phần mềm nhanh chóng.'),
(17, 'Vũ Quốc J', 2, 'Giá cả hợp lý so với chất lượng.'),
(17, 'Bùi Minh J', 1, 'Cập nhật phần mềm nhanh chóng.'),
(18, 'Huỳnh Kim M', 3, 'Pin trâu, dùng cả ngày.'),
(18, 'Vũ Thị B', 2, 'Bàn phím êm, gõ thoải mái.'),
(18, 'Bùi Thị K', 2, 'Máy chạy mượt, hiệu năng cao.'),
(19, 'Phạm Thanh M', 1, 'Máy chạy mượt, hiệu năng cao.'),
(19, 'Nguyễn Thu D', 3, 'Giá cả hợp lý so với chất lượng.'),
(19, 'Vũ Thanh M', 3, 'Giá cả hợp lý so với chất lượng.'),
(19, 'Lê Thu F', 5, 'Hơi nặng, khó mang theo.'),
(19, 'Vũ Kim K', 1, 'Cập nhật phần mềm nhanh chóng.'),
(19, 'Vũ Thanh D', 1, 'Cập nhật phần mềm nhanh chóng.'),
(19, 'Bùi Minh M', 2, 'Hơi nặng, khó mang theo.'),
(19, 'Hoàng Kim M', 2, 'Màn hình đẹp, màu sắc sống động.'),
(20, 'Đặng Hữu L', 4, 'Loa nghe hay, âm thanh tốt.'),
(20, 'Nguyễn Hoài L', 2, 'Hơi nặng, khó mang theo.'),
(20, 'Phan Quốc J', 5, 'Hơi nặng, khó mang theo.'),
(20, 'Phan Hữu H', 1, 'Máy chạy mượt, hiệu năng cao.'),
(20, 'Trần Hữu J', 4, 'Nóng khi chạy phần mềm nặng.'),
(20, 'Lê Hữu L', 5, 'Cập nhật phần mềm nhanh chóng.'),
(20, 'Hoàng Hữu G', 3, 'Hơi nặng, khó mang theo.'),
(21, 'Huỳnh Hoài N', 1, 'Giá hơi cao nhưng đáng tiền.'),
(21, 'Huỳnh Minh F', 3, 'Kết nối mạng ổn định.'),
(21, 'Vũ Thanh C', 3, 'Âm thanh tốt, loa ngoài to.'),
(22, 'Nguyễn Thu I', 3, 'Hiệu năng mạnh, chơi game mượt.'),
(22, 'Trần Văn G', 2, 'Chụp ảnh đẹp, camera chất lượng.'),
(23, 'Phạm Kim C', 4, 'Màn hình sắc nét, xem phim hay.'),
(23, 'Đặng Ngọc E', 2, 'Âm thanh tốt, loa ngoài to.'),
(23, 'Lê Kim N', 1, 'Pin lâu, sạc nhanh.'),
(23, 'Vũ Ngọc E', 3, 'Âm thanh tốt, loa ngoài to.'),
(23, 'Bùi Kim G', 4, 'Chụp ảnh đẹp, camera chất lượng.'),
(23, 'Vũ Hoài D', 2, 'Cập nhật hệ điều hành thường xuyên.'),
(23, 'Bùi Minh K', 5, 'Kết nối mạng ổn định.'),
(23, 'Phạm Thu C', 5, 'Hiệu năng mạnh, chơi game mượt.'),
(23, 'Lê Văn L', 2, 'Giá hơi cao nhưng đáng tiền.'),
(23, 'Huỳnh Hữu A', 5, 'Âm thanh tốt, loa ngoài to.'),
(23, 'Phạm Thị H', 3, 'Bảo mật tốt, vân tay nhanh.'),
(23, 'Đặng Văn A', 2, 'Cập nhật hệ điều hành thường xuyên.'),
(23, 'Đặng Kim M', 5, 'Âm thanh tốt, loa ngoài to.'),
(23, 'Phạm Văn M', 2, 'Hiệu năng mạnh, chơi game mượt.'),
(23, 'Phan Thanh H', 3, 'Pin lâu, sạc nhanh.'),
(24, 'Trần Văn G', 3, 'Âm thanh tốt, loa ngoài to.'),
(24, 'Lê Thanh K', 1, 'Hiệu năng mạnh, chơi game mượt.'),
(24, 'Đặng Thu G', 1, 'Cập nhật hệ điều hành thường xuyên.'),
(24, 'Phạm Thu F', 2, 'Âm thanh tốt, loa ngoài to.'),
(24, 'Nguyễn Kim H', 5, 'Chụp ảnh đẹp, camera chất lượng.'),
(24, 'Huỳnh Ngọc E', 3, 'Cập nhật hệ điều hành thường xuyên.'),
(25, 'Nguyễn Hoài L', 4, 'Hiệu năng mạnh, chơi game mượt.'),
(25, 'Lê Thu I', 2, 'Pin lâu, sạc nhanh.'),
(25, 'Phạm Văn A', 5, 'Pin lâu, sạc nhanh.'),
(26, 'Trần Văn M', 1, 'Pin lâu, sạc nhanh.'),
(26, 'Huỳnh Kim B', 4, 'Hiệu năng mạnh, chơi game mượt.'),
(26, 'Nguyễn Hữu G', 1, 'Bảo mật tốt, vân tay nhanh.'),
(27, 'Hoàng Ngọc K', 4, 'Pin lâu, sạc nhanh.'),
(27, 'Huỳnh Văn G', 5, 'Giá hơi cao nhưng đáng tiền.'),
(27, 'Lê Hoài F', 5, 'Bảo mật tốt, vân tay nhanh.'),
(27, 'Lê Thanh I', 4, 'Màn hình sắc nét, xem phim hay.'),
(27, 'Đặng Minh G', 2, 'Màn hình sắc nét, xem phim hay.'),
(27, 'Nguyễn Thanh J', 4, 'Thiết kế mỏng nhẹ, cầm vừa tay.'),
(27, 'Phan Ngọc I', 4, 'Bảo mật tốt, vân tay nhanh.'),
(27, 'Phan Kim A', 1, 'Màn hình sắc nét, xem phim hay.'),
(28, 'Trần Thanh H', 4, 'Pin lâu, sạc nhanh.'),
(28, 'Đặng Thu N', 3, 'Hiệu năng mạnh, chơi game mượt.'),
(28, 'Trần Hoài B', 2, 'Pin lâu, sạc nhanh.'),
(28, 'Bùi Thu K', 2, 'Màn hình sắc nét, xem phim hay.'),
(28, 'Huỳnh Văn A', 3, 'Thiết kế mỏng nhẹ, cầm vừa tay.'),
(28, 'Phạm Thị B', 2, 'Thiết kế mỏng nhẹ, cầm vừa tay.'),
(28, 'Vũ Hữu M', 3, 'Giá hơi cao nhưng đáng tiền.'),
(28, 'Trần Văn J', 5, 'Thiết kế mỏng nhẹ, cầm vừa tay.'),
(28, 'Huỳnh Minh G', 2, 'Hiệu năng mạnh, chơi game mượt.'),
(28, 'Hoàng Kim B', 5, 'Cập nhật hệ điều hành thường xuyên.'),
(28, 'Huỳnh Quốc J', 2, 'Chụp ảnh đẹp, camera chất lượng.'),
(28, 'Phạm Quốc H', 3, 'Hiệu năng mạnh, chơi game mượt.'),
(28, 'Vũ Hữu B', 3, 'Cập nhật hệ điều hành thường xuyên.'),
(28, 'Vũ Hoài I', 2, 'Kết nối mạng ổn định.'),
(28, 'Trần Hữu A', 5, 'Thiết kế mỏng nhẹ, cầm vừa tay.'),
(28, 'Phạm Quốc L', 1, 'Bảo mật tốt, vân tay nhanh.'),
(28, 'Trần Minh J', 2, 'Giá hơi cao nhưng đáng tiền.'),
(28, 'Huỳnh Văn A', 2, 'Cập nhật hệ điều hành thường xuyên.'),
(28, 'Huỳnh Minh B', 3, 'Hiệu năng mạnh, chơi game mượt.'),
(28, 'Huỳnh Minh E', 2, 'Giá hơi cao nhưng đáng tiền.'),
(29, 'Huỳnh Thanh B', 3, 'Pin lâu, sạc nhanh.'),
(29, 'Phan Thu E', 1, 'Kết nối mạng ổn định.'),
(29, 'Đặng Hữu J', 4, 'Giá hơi cao nhưng đáng tiền.'),
(29, 'Nguyễn Thu A', 4, 'Hiệu năng mạnh, chơi game mượt.'),
(29, 'Trần Minh L', 4, 'Hiệu năng mạnh, chơi game mượt.'),
(29, 'Hoàng Hoài H', 4, 'Hiệu năng mạnh, chơi game mượt.'),
(29, 'Phạm Ngọc K', 5, 'Kết nối mạng ổn định.'),
(29, 'Phạm Văn L', 4, 'Âm thanh tốt, loa ngoài to.'),
(29, 'Huỳnh Hữu C', 3, 'Thiết kế mỏng nhẹ, cầm vừa tay.'),
(29, 'Nguyễn Kim F', 3, 'Chụp ảnh đẹp, camera chất lượng.'),
(29, 'Bùi Hữu D', 4, 'Bảo mật tốt, vân tay nhanh.'),
(29, 'Vũ Thị M', 5, 'Hiệu năng mạnh, chơi game mượt.'),
(29, 'Phạm Hoài C', 2, 'Hiệu năng mạnh, chơi game mượt.'),
(29, 'Phạm Kim I', 2, 'Giá hơi cao nhưng đáng tiền.'),
(30, 'Huỳnh Thanh I', 5, 'Âm thanh tốt, loa ngoài to.'),
(30, 'Phạm Thanh M', 1, 'Hiệu năng mạnh, chơi game mượt.'),
(30, 'Phạm Thanh M', 5, 'Âm thanh tốt, loa ngoài to.'),
(30, 'Trần Văn N', 2, 'Bảo mật tốt, vân tay nhanh.'),
(30, 'Phạm Quốc L', 2, 'Âm thanh tốt, loa ngoài to.'),
(30, 'Vũ Hữu M', 2, 'Hiệu năng mạnh, chơi game mượt.'),
(30, 'Trần Ngọc C', 2, 'Pin lâu, sạc nhanh.'),
(31, 'Trần Thị N', 5, 'Giá hơi cao nhưng đáng tiền.'),
(31, 'Phan Thu H', 5, 'Giá hơi cao nhưng đáng tiền.'),
(31, 'Bùi Hoài I', 1, 'Chụp ảnh đẹp, camera chất lượng.'),
(31, 'Phạm Quốc D', 3, 'Chụp ảnh đẹp, camera chất lượng.'),
(31, 'Nguyễn Thị M', 3, 'Hiệu năng mạnh, chơi game mượt.'),
(31, 'Vũ Thu G', 4, 'Cập nhật hệ điều hành thường xuyên.'),
(31, 'Phạm Thanh C', 3, 'Pin lâu, sạc nhanh.'),
(31, 'Vũ Ngọc L', 5, 'Âm thanh tốt, loa ngoài to.'),
(31, 'Lê Văn F', 3, 'Hiệu năng mạnh, chơi game mượt.'),
(31, 'Huỳnh Văn N', 3, 'Hiệu năng mạnh, chơi game mượt.'),
(31, 'Trần Thị N', 5, 'Bảo mật tốt, vân tay nhanh.'),
(31, 'Vũ Thị N', 3, 'Màn hình sắc nét, xem phim hay.'),
(31, 'Phan Quốc D', 2, 'Màn hình sắc nét, xem phim hay.'),
(31, 'Huỳnh Hữu A', 2, 'Hiệu năng mạnh, chơi game mượt.'),
(31, 'Đặng Hoài J', 1, 'Pin lâu, sạc nhanh.'),
(31, 'Hoàng Thu I', 2, 'Màn hình sắc nét, xem phim hay.'),
(32, 'Vũ Hữu M', 4, 'Pin lâu, sạc nhanh.'),
(32, 'Trần Văn F', 2, 'Hiệu năng mạnh, chơi game mượt.'),
(32, 'Đặng Minh I', 3, 'Kết nối mạng ổn định.'),
(32, 'Trần Thị B', 2, 'Âm thanh tốt, loa ngoài to.'),
(32, 'Huỳnh Hữu K', 2, 'Hiệu năng mạnh, chơi game mượt.'),
(32, 'Lê Hoài F', 5, 'Cập nhật hệ điều hành thường xuyên.'),
(32, 'Lê Văn F', 1, 'Chụp ảnh đẹp, camera chất lượng.'),
(32, 'Hoàng Quốc C', 2, 'Chụp ảnh đẹp, camera chất lượng.'),
(32, 'Lê Kim G', 2, 'Kết nối mạng ổn định.'),
(32, 'Phan Thị F', 2, 'Màn hình sắc nét, xem phim hay.'),
(32, 'Nguyễn Văn M', 1, 'Pin lâu, sạc nhanh.'),
(32, 'Nguyễn Thị G', 1, 'Âm thanh tốt, loa ngoài to.'),
(32, 'Đặng Quốc C', 1, 'Cập nhật hệ điều hành thường xuyên.'),
(32, 'Trần Minh G', 3, 'Chụp ảnh đẹp, camera chất lượng.'),
(32, 'Nguyễn Quốc C', 1, 'Thiết kế mỏng nhẹ, cầm vừa tay.'),
(32, 'Phan Quốc H', 2, 'Hiệu năng mạnh, chơi game mượt.'),
(33, 'Đặng Ngọc M', 3, 'Chụp ảnh đẹp, camera chất lượng.'),
(33, 'Lê Thị N', 1, 'Pin lâu, sạc nhanh.'),
(33, 'Nguyễn Thị N', 1, 'Giá hơi cao nhưng đáng tiền.'),
(33, 'Hoàng Thanh B', 3, 'Giá hơi cao nhưng đáng tiền.'),
(33, 'Hoàng Quốc L', 2, 'Chụp ảnh đẹp, camera chất lượng.'),
(33, 'Lê Thanh I', 2, 'Chụp ảnh đẹp, camera chất lượng.'),
(33, 'Phạm Kim L', 1, 'Giá hơi cao nhưng đáng tiền.'),
(33, 'Bùi Thanh C', 2, 'Chụp ảnh đẹp, camera chất lượng.'),
(33, 'Trần Thanh M', 3, 'Hiệu năng mạnh, chơi game mượt.'),
(33, 'Bùi Thanh M', 2, 'Chụp ảnh đẹp, camera chất lượng.'),
(33, 'Đặng Văn D', 1, 'Giá hơi cao nhưng đáng tiền.'),
(33, 'Phạm Ngọc M', 2, 'Kết nối mạng ổn định.'),
(33, 'Nguyễn Văn M', 1, 'Bảo mật tốt, vân tay nhanh.'),
(33, 'Trần Quốc M', 3, 'Cập nhật hệ điều hành thường xuyên.'),
(33, 'Phan Minh B', 5, 'Pin lâu, sạc nhanh.'),
(33, 'Hoàng Thu D', 1, 'Cập nhật hệ điều hành thường xuyên.'),
(33, 'Trần Thanh C', 2, 'Hiệu năng mạnh, chơi game mượt.'),
(34, 'Đặng Văn D', 2, 'Cập nhật hệ điều hành thường xuyên.'),
(34, 'Bùi Minh G', 2, 'Hiệu năng mạnh, chơi game mượt.'),
(34, 'Phạm Thu I', 4, 'Bảo mật tốt, vân tay nhanh.'),
(34, 'Nguyễn Thị B', 5, 'Hiệu năng mạnh, chơi game mượt.'),
(34, 'Trần Hữu L', 3, 'Chụp ảnh đẹp, camera chất lượng.'),
(34, 'Vũ Quốc H', 3, 'Hiệu năng mạnh, chơi game mượt.'),
(34, 'Trần Kim M', 2, 'Chụp ảnh đẹp, camera chất lượng.'),
(34, 'Nguyễn Ngọc C', 1, 'Giá hơi cao nhưng đáng tiền.'),
(34, 'Phan Kim A', 5, 'Cập nhật hệ điều hành thường xuyên.'),
(34, 'Vũ Ngọc F', 1, 'Màn hình sắc nét, xem phim hay.'),
(35, 'Hoàng Kim M', 5, 'Kết nối mạng ổn định.'),
(35, 'Huỳnh Minh B', 4, 'Giá hơi cao nhưng đáng tiền.'),
(35, 'Bùi Quốc I', 2, 'Pin lâu, sạc nhanh.'),
(35, 'Bùi Kim J', 4, 'Bảo mật tốt, vân tay nhanh.'),
(35, 'Phan Minh J', 2, 'Bảo mật tốt, vân tay nhanh.'),
(35, 'Huỳnh Thu I', 3, 'Cập nhật hệ điều hành thường xuyên.'),
(35, 'Bùi Thị N', 4, 'Màn hình sắc nét, xem phim hay.'),
(35, 'Huỳnh Quốc A', 3, 'Kết nối mạng ổn định.'),
(35, 'Trần Quốc J', 3, 'Bảo mật tốt, vân tay nhanh.'),
(35, 'Phan Thu D', 4, 'Cập nhật hệ điều hành thường xuyên.'),
(35, 'Lê Văn F', 4, 'Âm thanh tốt, loa ngoài to.'),
(35, 'Phan Quốc N', 4, 'Giá hơi cao nhưng đáng tiền.'),
(35, 'Lê Thị G', 3, 'Giá hơi cao nhưng đáng tiền.'),
(35, 'Nguyễn Thu I', 5, 'Màn hình sắc nét, xem phim hay.'),
(35, 'Nguyễn Ngọc D', 2, 'Cập nhật hệ điều hành thường xuyên.'),
(35, 'Trần Hữu D', 1, 'Kết nối mạng ổn định.'),
(35, 'Bùi Thanh A', 5, 'Giá hơi cao nhưng đáng tiền.'),
(35, 'Hoàng Thanh D', 5, 'Chụp ảnh đẹp, camera chất lượng.'),
(35, 'Lê Hoài H', 4, 'Cập nhật hệ điều hành thường xuyên.'),
(35, 'Đặng Thu N', 3, 'Cập nhật hệ điều hành thường xuyên.'),
(36, 'Vũ Thanh I', 5, 'Giá hơi cao nhưng đáng tiền.'),
(36, 'Phạm Thị F', 3, 'Thiết kế mỏng nhẹ, cầm vừa tay.'),
(36, 'Nguyễn Văn B', 5, 'Bảo mật tốt, vân tay nhanh.'),
(36, 'Huỳnh Kim N', 5, 'Chụp ảnh đẹp, camera chất lượng.'),
(36, 'Lê Hữu F', 3, 'Hiệu năng mạnh, chơi game mượt.'),
(36, 'Nguyễn Kim N', 4, 'Chụp ảnh đẹp, camera chất lượng.'),
(36, 'Trần Thị F', 3, 'Giá hơi cao nhưng đáng tiền.'),
(36, 'Trần Kim J', 2, 'Bảo mật tốt, vân tay nhanh.'),
(36, 'Huỳnh Ngọc D', 4, 'Âm thanh tốt, loa ngoài to.'),
(36, 'Hoàng Hữu M', 5, 'Chụp ảnh đẹp, camera chất lượng.'),
(36, 'Vũ Văn I', 1, 'Âm thanh tốt, loa ngoài to.'),
(36, 'Trần Thu M', 4, 'Kết nối mạng ổn định.'),
(36, 'Đặng Văn J', 3, 'Giá hơi cao nhưng đáng tiền.'),
(36, 'Huỳnh Kim F', 4, 'Kết nối mạng ổn định.'),
(36, 'Lê Ngọc G', 4, 'Pin lâu, sạc nhanh.'),
(36, 'Bùi Thu M', 4, 'Bảo mật tốt, vân tay nhanh.'),
(36, 'Phạm Minh A', 1, 'Cập nhật hệ điều hành thường xuyên.'),
(37, 'Trần Ngọc C', 1, 'Giá hơi cao nhưng đáng tiền.'),
(37, 'Hoàng Hữu L', 2, 'Bảo mật tốt, vân tay nhanh.'),
(37, 'Lê Kim F', 1, 'Âm thanh tốt, loa ngoài to.'),
(37, 'Bùi Hữu N', 2, 'Chụp ảnh đẹp, camera chất lượng.'),
(37, 'Nguyễn Kim D', 5, 'Cập nhật hệ điều hành thường xuyên.'),
(38, 'Hoàng Kim N', 3, 'Kết nối mạng ổn định.'),
(38, 'Huỳnh Hoài M', 2, 'Giá hơi cao nhưng đáng tiền.'),
(38, 'Vũ Văn E', 5, 'Âm thanh tốt, loa ngoài to.'),
(38, 'Đặng Ngọc N', 4, 'Bảo mật tốt, vân tay nhanh.'),
(38, 'Phan Ngọc J', 2, 'Màn hình sắc nét, xem phim hay.'),
(38, 'Huỳnh Hoài M', 3, 'Kết nối mạng ổn định.'),
(38, 'Vũ Minh H', 4, 'Âm thanh tốt, loa ngoài to.'),
(38, 'Huỳnh Thu C', 3, 'Âm thanh tốt, loa ngoài to.'),
(38, 'Bùi Minh B', 3, 'Cập nhật hệ điều hành thường xuyên.'),
(38, 'Phạm Thu L', 3, 'Bảo mật tốt, vân tay nhanh.'),
(38, 'Phạm Thị M', 5, 'Giá hơi cao nhưng đáng tiền.'),
(38, 'Phan Quốc B', 3, 'Chụp ảnh đẹp, camera chất lượng.'),
(38, 'Huỳnh Ngọc B', 5, 'Hiệu năng mạnh, chơi game mượt.'),
(38, 'Đặng Quốc F', 4, 'Bảo mật tốt, vân tay nhanh.'),
(38, 'Trần Thanh K', 4, 'Màn hình sắc nét, xem phim hay.'),
(38, 'Trần Thanh A', 2, 'Pin lâu, sạc nhanh.'),
(38, 'Lê Ngọc N', 4, 'Hiệu năng mạnh, chơi game mượt.'),
(38, 'Hoàng Thu I', 3, 'Bảo mật tốt, vân tay nhanh.'),
(38, 'Phan Hữu L', 2, 'Kết nối mạng ổn định.'),
(39, 'Lê Hữu I', 1, 'Kết nối mạng ổn định.'),
(39, 'Huỳnh Hữu B', 2, 'Kết nối mạng ổn định.'),
(39, 'Đặng Kim I', 3, 'Âm thanh tốt, loa ngoài to.'),
(39, 'Trần Minh L', 1, 'Thiết kế mỏng nhẹ, cầm vừa tay.'),
(39, 'Phan Thanh I', 1, 'Âm thanh tốt, loa ngoài to.'),
(39, 'Vũ Thu H', 1, 'Giá hơi cao nhưng đáng tiền.'),
(39, 'Hoàng Hữu J', 3, 'Pin lâu, sạc nhanh.'),
(40, 'Đặng Minh A', 2, 'Hiệu năng mạnh, chơi game mượt.'),
(40, 'Phạm Ngọc G', 4, 'Hiệu năng mạnh, chơi game mượt.'),
(40, 'Hoàng Thu E', 2, 'Thiết kế mỏng nhẹ, cầm vừa tay.'),
(40, 'Vũ Hữu L', 4, 'Cập nhật hệ điều hành thường xuyên.'),
(40, 'Nguyễn Hoài E', 5, 'Bảo mật tốt, vân tay nhanh.'),
(40, 'Lê Văn H', 3, 'Giá hơi cao nhưng đáng tiền.'),
(40, 'Vũ Minh N', 1, 'Âm thanh tốt, loa ngoài to.'),
(40, 'Phan Hoài N', 4, 'Giá hơi cao nhưng đáng tiền.'),
(41, 'Lê Minh D', 2, 'Mic rõ, gọi điện tốt.'),
(41, 'Bùi Thu N', 1, 'Pin lâu, dùng cả ngày.'),
(41, 'Đặng Kim K', 1, 'Chất lượng build tốt, bền.'),
(41, 'Vũ Ngọc G', 5, 'Giá hợp lý.'),
(41, 'Vũ Ngọc N', 5, 'Mic rõ, gọi điện tốt.'),
(41, 'Đặng Thanh H', 5, 'Khử noise tốt, nghe ở nơi ồn ào.'),
(41, 'Phạm Thanh A', 2, 'Thiết kế thoải mái, đeo lâu không đau.'),
(41, 'Bùi Ngọc B', 2, 'Chất lượng build tốt, bền.'),
(41, 'Phạm Kim N', 1, 'Nhẹ, dễ mang theo.'),
(41, 'Đặng Văn G', 4, 'Nhẹ, dễ mang theo.'),
(41, 'Phạm Minh J', 4, 'Pin lâu, dùng cả ngày.'),
(41, 'Hoàng Kim N', 1, 'Có nhiều chế độ âm thanh.'),
(41, 'Đặng Văn E', 3, 'Chất lượng build tốt, bền.'),
(42, 'Nguyễn Văn I', 2, 'Thiết kế thoải mái, đeo lâu không đau.'),
(42, 'Hoàng Hoài H', 3, 'Có nhiều chế độ âm thanh.'),
(42, 'Đặng Hữu D', 2, 'Mic rõ, gọi điện tốt.'),
(42, 'Trần Ngọc F', 4, 'Thiết kế thoải mái, đeo lâu không đau.'),
(42, 'Huỳnh Thu F', 3, 'Thiết kế thoải mái, đeo lâu không đau.'),
(42, 'Bùi Thanh N', 5, 'Mic rõ, gọi điện tốt.'),
(42, 'Phạm Hữu H', 2, 'Mic rõ, gọi điện tốt.'),
(42, 'Đặng Quốc G', 3, 'Giá hợp lý.'),
(42, 'Phạm Thị I', 5, 'Mic rõ, gọi điện tốt.'),
(42, 'Đặng Văn G', 2, 'Pin lâu, dùng cả ngày.'),
(42, 'Bùi Quốc A', 4, 'Có nhiều chế độ âm thanh.'),
(42, 'Trần Thu A', 2, 'Âm thanh chất lượng cao, bass mạnh.'),
(42, 'Trần Quốc K', 3, 'Nhẹ, dễ mang theo.'),
(42, 'Nguyễn Hữu F', 3, 'Có nhiều chế độ âm thanh.'),
(43, 'Lê Ngọc E', 2, 'Thiết kế thoải mái, đeo lâu không đau.'),
(43, 'Trần Quốc B', 5, 'Kết nối bluetooth ổn định.'),
(43, 'Nguyễn Kim E', 2, 'Giá hợp lý.'),
(43, 'Phan Thanh F', 5, 'Pin lâu, dùng cả ngày.'),
(43, 'Huỳnh Minh H', 4, 'Chất lượng build tốt, bền.'),
(43, 'Đặng Quốc N', 2, 'Pin lâu, dùng cả ngày.'),
(43, 'Nguyễn Văn B', 4, 'Khử noise tốt, nghe ở nơi ồn ào.'),
(43, 'Huỳnh Kim D', 4, 'Kết nối bluetooth ổn định.'),
(43, 'Lê Quốc F', 2, 'Giá hợp lý.'),
(43, 'Nguyễn Văn I', 5, 'Nhẹ, dễ mang theo.'),
(43, 'Hoàng Hữu N', 3, 'Âm thanh chất lượng cao, bass mạnh.'),
(43, 'Vũ Thanh G', 1, 'Mic rõ, gọi điện tốt.'),
(43, 'Lê Ngọc E', 4, 'Giá hợp lý.'),
(43, 'Bùi Minh J', 4, 'Giá hợp lý.'),
(44, 'Hoàng Thanh H', 3, 'Mic rõ, gọi điện tốt.'),
(44, 'Trần Văn E', 2, 'Khử noise tốt, nghe ở nơi ồn ào.'),
(44, 'Phan Thu K', 5, 'Kết nối bluetooth ổn định.'),
(44, 'Phan Quốc H', 3, 'Có nhiều chế độ âm thanh.'),
(44, 'Đặng Ngọc C', 3, 'Mic rõ, gọi điện tốt.'),
(44, 'Hoàng Hữu F', 4, 'Có nhiều chế độ âm thanh.'),
(44, 'Nguyễn Kim J', 1, 'Nhẹ, dễ mang theo.'),
(44, 'Hoàng Ngọc A', 3, 'Có nhiều chế độ âm thanh.'),
(44, 'Đặng Hữu M', 2, 'Chất lượng build tốt, bền.'),
(44, 'Phan Hoài N', 1, 'Giá hợp lý.'),
(45, 'Trần Hoài A', 3, 'Nhẹ, dễ mang theo.'),
(45, 'Vũ Thanh M', 1, 'Giá hợp lý.'),
(45, 'Phạm Thu M', 4, 'Nhẹ, dễ mang theo.'),
(45, 'Huỳnh Thu M', 4, 'Chất lượng build tốt, bền.'),
(46, 'Hoàng Thu G', 4, 'Giá hợp lý.'),
(46, 'Hoàng Thị B', 2, 'Nhẹ, dễ mang theo.'),
(46, 'Huỳnh Ngọc K', 1, 'Thiết kế thoải mái, đeo lâu không đau.'),
(46, 'Phan Thu A', 1, 'Mic rõ, gọi điện tốt.'),
(46, 'Đặng Văn F', 1, 'Nhẹ, dễ mang theo.'),
(46, 'Bùi Kim D', 5, 'Thiết kế thoải mái, đeo lâu không đau.'),
(46, 'Phạm Ngọc J', 5, 'Giá hợp lý.'),
(46, 'Lê Kim H', 2, 'Chất lượng build tốt, bền.'),
(46, 'Hoàng Quốc C', 2, 'Kết nối bluetooth ổn định.'),
(46, 'Trần Thị A', 1, 'Có nhiều chế độ âm thanh.'),
(46, 'Đặng Ngọc B', 4, 'Mic rõ, gọi điện tốt.'),
(47, 'Phạm Thanh G', 2, 'Nhẹ, dễ mang theo.'),
(47, 'Huỳnh Hữu B', 1, 'Mic rõ, gọi điện tốt.'),
(47, 'Phan Thanh K', 5, 'Mic rõ, gọi điện tốt.'),
(47, 'Phan Hoài D', 5, 'Kết nối bluetooth ổn định.'),
(47, 'Đặng Văn E', 5, 'Có nhiều chế độ âm thanh.'),
(47, 'Lê Quốc D', 5, 'Âm thanh chất lượng cao, bass mạnh.'),
(47, 'Huỳnh Minh N', 1, 'Pin lâu, dùng cả ngày.'),
(47, 'Lê Minh F', 3, 'Giá hợp lý.'),
(47, 'Phạm Hữu I', 3, 'Pin lâu, dùng cả ngày.'),
(47, 'Đặng Hữu K', 3, 'Khử noise tốt, nghe ở nơi ồn ào.'),
(48, 'Huỳnh Minh N', 4, 'Giá hợp lý.'),
(48, 'Trần Thu H', 3, 'Khử noise tốt, nghe ở nơi ồn ào.'),
(48, 'Nguyễn Thanh G', 2, 'Giá hợp lý.'),
(48, 'Nguyễn Kim K', 4, 'Nhẹ, dễ mang theo.'),
(48, 'Nguyễn Minh F', 1, 'Pin lâu, dùng cả ngày.'),
(48, 'Bùi Thị C', 2, 'Pin lâu, dùng cả ngày.'),
(48, 'Hoàng Hữu E', 4, 'Chất lượng build tốt, bền.'),
(48, 'Đặng Hoài D', 3, 'Nhẹ, dễ mang theo.'),
(48, 'Lê Hoài B', 4, 'Giá hợp lý.'),
(48, 'Huỳnh Hoài K', 4, 'Chất lượng build tốt, bền.'),
(48, 'Huỳnh Quốc A', 2, 'Khử noise tốt, nghe ở nơi ồn ào.'),
(48, 'Phạm Thanh M', 5, 'Thiết kế thoải mái, đeo lâu không đau.'),
(48, 'Lê Thu H', 3, 'Thiết kế thoải mái, đeo lâu không đau.'),
(48, 'Đặng Minh D', 2, 'Chất lượng build tốt, bền.'),
(48, 'Hoàng Thanh H', 3, 'Pin lâu, dùng cả ngày.'),
(48, 'Phan Thu J', 4, 'Chất lượng build tốt, bền.'),
(48, 'Huỳnh Minh A', 2, 'Giá hợp lý.'),
(48, 'Phạm Văn A', 1, 'Mic rõ, gọi điện tốt.'),
(48, 'Huỳnh Ngọc L', 4, 'Mic rõ, gọi điện tốt.'),
(49, 'Phạm Thu G', 3, 'Kết nối bluetooth ổn định.'),
(49, 'Đặng Hữu B', 5, 'Giá hợp lý.'),
(49, 'Phan Ngọc I', 4, 'Âm thanh chất lượng cao, bass mạnh.'),
(49, 'Phạm Thu G', 4, 'Nhẹ, dễ mang theo.'),
(49, 'Nguyễn Kim B', 4, 'Kết nối bluetooth ổn định.'),
(49, 'Đặng Hữu A', 3, 'Nhẹ, dễ mang theo.'),
(49, 'Phạm Ngọc E', 1, 'Khử noise tốt, nghe ở nơi ồn ào.'),
(49, 'Huỳnh Văn G', 4, 'Mic rõ, gọi điện tốt.'),
(49, 'Lê Ngọc I', 4, 'Giá hợp lý.'),
(49, 'Trần Văn C', 5, 'Mic rõ, gọi điện tốt.'),
(49, 'Bùi Hữu M', 3, 'Âm thanh chất lượng cao, bass mạnh.'),
(49, 'Bùi Kim I', 4, 'Nhẹ, dễ mang theo.'),
(49, 'Nguyễn Thanh B', 5, 'Chất lượng build tốt, bền.'),
(49, 'Phạm Thanh D', 1, 'Có nhiều chế độ âm thanh.'),
(49, 'Vũ Quốc H', 2, 'Mic rõ, gọi điện tốt.'),
(49, 'Bùi Thị A', 3, 'Chất lượng build tốt, bền.'),
(50, 'Đặng Thị I', 4, 'Âm thanh chất lượng cao, bass mạnh.'),
(50, 'Hoàng Ngọc L', 1, 'Thiết kế thoải mái, đeo lâu không đau.'),
(50, 'Trần Hoài F', 3, 'Có nhiều chế độ âm thanh.'),
(50, 'Vũ Hoài M', 1, 'Mic rõ, gọi điện tốt.'),
(50, 'Phạm Thị H', 4, 'Chất lượng build tốt, bền.'),
(50, 'Vũ Văn I', 3, 'Âm thanh chất lượng cao, bass mạnh.'),
(50, 'Nguyễn Hữu D', 2, 'Thiết kế thoải mái, đeo lâu không đau.'),
(50, 'Bùi Thanh C', 3, 'Âm thanh chất lượng cao, bass mạnh.'),
(50, 'Lê Quốc B', 4, 'Khử noise tốt, nghe ở nơi ồn ào.'),
(50, 'Bùi Ngọc J', 5, 'Mic rõ, gọi điện tốt.'),
(50, 'Vũ Minh M', 3, 'Có nhiều chế độ âm thanh.'),
(50, 'Lê Văn B', 4, 'Nhẹ, dễ mang theo.'),
(50, 'Phan Ngọc D', 4, 'Có nhiều chế độ âm thanh.'),
(50, 'Phan Văn E', 3, 'Pin lâu, dùng cả ngày.'),
(50, 'Vũ Kim B', 5, 'Thiết kế thoải mái, đeo lâu không đau.'),
(50, 'Hoàng Ngọc K', 1, 'Âm thanh chất lượng cao, bass mạnh.'),
(50, 'Hoàng Văn A', 3, 'Nhẹ, dễ mang theo.'),
(50, 'Nguyễn Kim F', 2, 'Pin lâu, dùng cả ngày.'),
(50, 'Bùi Hoài E', 1, 'Chất lượng build tốt, bền.'),
(50, 'Bùi Minh B', 1, 'Mic rõ, gọi điện tốt.'),
(51, 'Hoàng Thu I', 1, 'Theo dõi sức khỏe chính xác.'),
(51, 'Trần Ngọc A', 4, 'Nhẹ, đeo thoải mái.'),
(51, 'Hoàng Văn G', 5, 'Theo dõi sức khỏe chính xác.'),
(51, 'Trần Thanh B', 5, 'Giá phải chăng.'),
(51, 'Hoàng Văn I', 5, 'Pin lâu, dùng vài ngày.'),
(51, 'Vũ Thu G', 3, 'Chống nước tốt.'),
(51, 'Lê Thị B', 3, 'Cập nhật phần mềm thường xuyên.'),
(51, 'Huỳnh Thị D', 1, 'Pin lâu, dùng vài ngày.'),
(51, 'Bùi Thu F', 4, 'Nhẹ, đeo thoải mái.'),
(51, 'Phan Quốc E', 2, 'Giá phải chăng.'),
(51, 'Lê Hữu K', 3, 'Cập nhật phần mềm thường xuyên.'),
(51, 'Lê Hữu N', 2, 'Pin lâu, dùng vài ngày.'),
(51, 'Vũ Quốc F', 3, 'Cập nhật phần mềm thường xuyên.'),
(51, 'Phạm Thanh H', 1, 'Theo dõi sức khỏe chính xác.'),
(51, 'Đặng Văn M', 3, 'Chống nước tốt.'),
(51, 'Vũ Kim L', 3, 'Thiết kế đẹp, sang trọng.'),
(51, 'Lê Văn C', 2, 'Thiết kế đẹp, sang trọng.'),
(51, 'Huỳnh Hữu B', 3, 'Giá phải chăng.'),
(51, 'Đặng Ngọc M', 2, 'Màn hình sáng, dễ đọc.'),
(52, 'Bùi Hoài A', 3, 'Nhẹ, đeo thoải mái.'),
(52, 'Trần Minh B', 2, 'Nhiều mặt đồng hồ tùy chỉnh.'),
(52, 'Phan Thu L', 2, 'Thiết kế đẹp, sang trọng.'),
(52, 'Nguyễn Minh D', 1, 'Nhẹ, đeo thoải mái.'),
(52, 'Nguyễn Hữu F', 1, 'Nhẹ, đeo thoải mái.'),
(52, 'Đặng Hoài J', 5, 'Màn hình sáng, dễ đọc.'),
(52, 'Bùi Thanh B', 4, 'Kết nối với điện thoại mượt.'),
(52, 'Phạm Thanh E', 3, 'Màn hình sáng, dễ đọc.'),
(52, 'Lê Kim N', 5, 'Kết nối với điện thoại mượt.'),
(52, 'Nguyễn Thị I', 1, 'Kết nối với điện thoại mượt.'),
(52, 'Đặng Quốc D', 3, 'Kết nối với điện thoại mượt.'),
(52, 'Huỳnh Ngọc A', 2, 'Nhẹ, đeo thoải mái.'),
(52, 'Phạm Thị L', 4, 'Nhẹ, đeo thoải mái.'),
(52, 'Huỳnh Thanh I', 2, 'Nhẹ, đeo thoải mái.'),
(52, 'Vũ Hoài J', 3, 'Nhiều mặt đồng hồ tùy chỉnh.'),
(52, 'Phan Hoài A', 5, 'Nhẹ, đeo thoải mái.'),
(52, 'Phạm Văn D', 2, 'Pin lâu, dùng vài ngày.'),
(52, 'Lê Kim I', 2, 'Nhẹ, đeo thoải mái.'),
(53, 'Hoàng Hữu F', 2, 'Cập nhật phần mềm thường xuyên.'),
(53, 'Huỳnh Thanh L', 5, 'Kết nối với điện thoại mượt.'),
(53, 'Hoàng Thanh G', 1, 'Nhiều mặt đồng hồ tùy chỉnh.'),
(53, 'Phạm Hữu J', 4, 'Chống nước tốt.'),
(53, 'Đặng Văn M', 2, 'Pin lâu, dùng vài ngày.'),
(53, 'Vũ Hoài J', 3, 'Pin lâu, dùng vài ngày.'),
(53, 'Phạm Ngọc M', 2, 'Cập nhật phần mềm thường xuyên.'),
(53, 'Đặng Minh N', 3, 'Nhiều mặt đồng hồ tùy chỉnh.'),
(53, 'Vũ Quốc G', 4, 'Theo dõi sức khỏe chính xác.'),
(53, 'Trần Thị N', 2, 'Kết nối với điện thoại mượt.'),
(53, 'Đặng Kim M', 3, 'Theo dõi sức khỏe chính xác.'),
(53, 'Đặng Hoài M', 2, 'Cập nhật phần mềm thường xuyên.'),
(53, 'Bùi Thanh B', 1, 'Nhiều mặt đồng hồ tùy chỉnh.'),
(53, 'Nguyễn Thu J', 1, 'Giá phải chăng.'),
(53, 'Nguyễn Hoài J', 3, 'Theo dõi sức khỏe chính xác.'),
(54, 'Đặng Thị A', 4, 'Thiết kế đẹp, sang trọng.'),
(54, 'Huỳnh Minh M', 5, 'Cập nhật phần mềm thường xuyên.'),
(54, 'Huỳnh Minh E', 3, 'Chống nước tốt.'),
(54, 'Trần Văn N', 2, 'Nhẹ, đeo thoải mái.'),
(54, 'Đặng Thanh N', 4, 'Cập nhật phần mềm thường xuyên.'),
(55, 'Huỳnh Thị N', 2, 'Cập nhật phần mềm thường xuyên.'),
(55, 'Huỳnh Ngọc A', 2, 'Màn hình sáng, dễ đọc.'),
(55, 'Lê Quốc E', 3, 'Theo dõi sức khỏe chính xác.'),
(55, 'Phạm Minh C', 4, 'Nhiều mặt đồng hồ tùy chỉnh.'),
(55, 'Phạm Thanh J', 1, 'Nhiều mặt đồng hồ tùy chỉnh.'),
(55, 'Đặng Kim F', 4, 'Theo dõi sức khỏe chính xác.'),
(55, 'Nguyễn Minh N', 2, 'Thiết kế đẹp, sang trọng.'),
(55, 'Hoàng Kim H', 5, 'Màn hình sáng, dễ đọc.'),
(55, 'Huỳnh Thanh I', 1, 'Màn hình sáng, dễ đọc.'),
(55, 'Nguyễn Thanh I', 3, 'Màn hình sáng, dễ đọc.'),
(56, 'Bùi Thị I', 5, 'Theo dõi sức khỏe chính xác.'),
(56, 'Trần Ngọc C', 1, 'Kết nối với điện thoại mượt.'),
(56, 'Bùi Thị L', 2, 'Kết nối với điện thoại mượt.'),
(56, 'Phan Ngọc B', 2, 'Cập nhật phần mềm thường xuyên.'),
(56, 'Đặng Quốc C', 4, 'Cập nhật phần mềm thường xuyên.'),
(56, 'Vũ Văn I', 2, 'Kết nối với điện thoại mượt.'),
(56, 'Phan Minh J', 4, 'Nhiều mặt đồng hồ tùy chỉnh.'),
(56, 'Lê Thanh E', 5, 'Theo dõi sức khỏe chính xác.'),
(56, 'Lê Thanh D', 4, 'Chống nước tốt.'),
(56, 'Trần Hoài A', 3, 'Nhẹ, đeo thoải mái.'),
(56, 'Lê Thị J', 4, 'Cập nhật phần mềm thường xuyên.'),
(56, 'Đặng Hoài N', 3, 'Chống nước tốt.'),
(56, 'Phạm Quốc I', 4, 'Cập nhật phần mềm thường xuyên.'),
(56, 'Huỳnh Văn C', 5, 'Kết nối với điện thoại mượt.'),
(56, 'Phạm Văn L', 1, 'Pin lâu, dùng vài ngày.'),
(57, 'Lê Thu K', 3, 'Giá phải chăng.'),
(57, 'Vũ Kim B', 2, 'Thiết kế đẹp, sang trọng.'),
(57, 'Vũ Thu E', 3, 'Kết nối với điện thoại mượt.'),
(57, 'Huỳnh Ngọc L', 1, 'Theo dõi sức khỏe chính xác.'),
(57, 'Hoàng Minh L', 1, 'Pin lâu, dùng vài ngày.'),
(57, 'Phan Thanh K', 3, 'Chống nước tốt.'),
(58, 'Vũ Văn B', 3, 'Giá phải chăng.'),
(58, 'Bùi Minh F', 4, 'Cập nhật phần mềm thường xuyên.'),
(58, 'Bùi Thanh D', 5, 'Màn hình sáng, dễ đọc.'),
(58, 'Nguyễn Minh J', 5, 'Thiết kế đẹp, sang trọng.'),
(58, 'Lê Hoài B', 4, 'Kết nối với điện thoại mượt.'),
(58, 'Phan Ngọc M', 5, 'Nhẹ, đeo thoải mái.'),
(58, 'Vũ Thanh N', 5, 'Màn hình sáng, dễ đọc.'),
(58, 'Vũ Thị M', 1, 'Kết nối với điện thoại mượt.'),
(58, 'Đặng Ngọc E', 2, 'Theo dõi sức khỏe chính xác.'),
(58, 'Vũ Thị F', 3, 'Chống nước tốt.'),
(58, 'Đặng Ngọc J', 3, 'Cập nhật phần mềm thường xuyên.'),
(58, 'Trần Văn L', 5, 'Chống nước tốt.'),
(58, 'Lê Ngọc I', 5, 'Nhiều mặt đồng hồ tùy chỉnh.'),
(58, 'Phạm Ngọc A', 5, 'Nhẹ, đeo thoải mái.'),
(58, 'Nguyễn Hữu N', 4, 'Nhẹ, đeo thoải mái.'),
(58, 'Trần Thu F', 2, 'Cập nhật phần mềm thường xuyên.'),
(58, 'Phạm Thị F', 2, 'Nhiều mặt đồng hồ tùy chỉnh.'),
(58, 'Phạm Hoài J', 5, 'Cập nhật phần mềm thường xuyên.'),
(58, 'Huỳnh Kim K', 3, 'Thiết kế đẹp, sang trọng.'),
(58, 'Phan Thanh K', 1, 'Kết nối với điện thoại mượt.'),
(59, 'Trần Thanh N', 2, 'Nhẹ, đeo thoải mái.'),
(59, 'Lê Hữu N', 2, 'Kết nối với điện thoại mượt.'),
(59, 'Lê Hoài J', 3, 'Kết nối với điện thoại mượt.'),
(59, 'Bùi Minh I', 1, 'Nhẹ, đeo thoải mái.'),
(59, 'Đặng Thị N', 4, 'Nhiều mặt đồng hồ tùy chỉnh.'),
(59, 'Bùi Quốc K', 5, 'Pin lâu, dùng vài ngày.'),
(59, 'Trần Quốc G', 1, 'Theo dõi sức khỏe chính xác.'),
(59, 'Phan Kim D', 3, 'Thiết kế đẹp, sang trọng.'),
(59, 'Vũ Ngọc K', 3, 'Giá phải chăng.'),
(60, 'Đặng Kim F', 1, 'Cập nhật phần mềm thường xuyên.'),
(60, 'Huỳnh Kim J', 2, 'Nhẹ, đeo thoải mái.'),
(60, 'Vũ Kim M', 4, 'Cập nhật phần mềm thường xuyên.'),
(60, 'Hoàng Thu J', 2, 'Giá phải chăng.'),
(60, 'Nguyễn Thanh C', 5, 'Theo dõi sức khỏe chính xác.'),
(60, 'Hoàng Hữu C', 2, 'Chống nước tốt.'),
(61, 'Huỳnh Quốc M', 3, 'Pin trâu, dùng lâu.'),
(61, 'Bùi Thu C', 1, 'Thiết kế mỏng.'),
(61, 'Đặng Ngọc B', 2, 'Kết nối phụ kiện dễ dàng.'),
(61, 'Phạm Kim H', 3, 'Màn hình lớn, xem phim hay.'),
(61, 'Đặng Ngọc K', 2, 'Nhẹ, dễ cầm.'),
(62, 'Phạm Minh I', 5, 'Màn hình lớn, xem phim hay.'),
(62, 'Nguyễn Thanh N', 4, 'Cập nhật hệ điều hành.'),
(62, 'Vũ Kim N', 4, 'Màn hình lớn, xem phim hay.'),
(62, 'Nguyễn Thu F', 1, 'Màn hình lớn, xem phim hay.'),
(62, 'Hoàng Văn A', 1, 'Bút stylus chính xác.'),
(62, 'Huỳnh Thị E', 5, 'Hiệu năng tốt, đa nhiệm mượt.'),
(62, 'Huỳnh Thị H', 5, 'Hiệu năng tốt, đa nhiệm mượt.'),
(62, 'Phan Minh I', 3, 'Màn hình lớn, xem phim hay.'),
(62, 'Phạm Văn H', 4, 'Nhẹ, dễ cầm.'),
(63, 'Huỳnh Thu A', 2, 'Bút stylus chính xác.'),
(63, 'Vũ Quốc G', 1, 'Thiết kế mỏng.'),
(63, 'Trần Ngọc N', 5, 'Loa nghe tốt.'),
(63, 'Bùi Thu G', 4, 'Pin trâu, dùng lâu.'),
(63, 'Vũ Kim F', 5, 'Kết nối phụ kiện dễ dàng.'),
(63, 'Trần Hoài D', 4, 'Màn hình lớn, xem phim hay.'),
(63, 'Phan Kim J', 3, 'Nhẹ, dễ cầm.'),
(63, 'Đặng Hữu J', 2, 'Giá hợp lý.'),
(63, 'Trần Minh I', 3, 'Cập nhật hệ điều hành.'),
(63, 'Lê Thanh N', 5, 'Màn hình lớn, xem phim hay.'),
(64, 'Đặng Thu E', 4, 'Cập nhật hệ điều hành.'),
(64, 'Phan Ngọc G', 4, 'Nhẹ, dễ cầm.'),
(64, 'Huỳnh Ngọc G', 1, 'Hiệu năng tốt, đa nhiệm mượt.'),
(65, 'Nguyễn Văn B', 4, 'Thiết kế mỏng.'),
(65, 'Nguyễn Thu F', 2, 'Nhẹ, dễ cầm.'),
(65, 'Vũ Hữu G', 3, 'Thiết kế mỏng.'),
(65, 'Nguyễn Kim E', 4, 'Kết nối phụ kiện dễ dàng.'),
(65, 'Vũ Hữu H', 5, 'Màn hình lớn, xem phim hay.'),
(65, 'Đặng Hoài F', 1, 'Thiết kế mỏng.'),
(65, 'Phan Ngọc N', 4, 'Pin trâu, dùng lâu.'),
(65, 'Vũ Thanh A', 4, 'Thiết kế mỏng.'),
(65, 'Huỳnh Văn I', 4, 'Thiết kế mỏng.'),
(65, 'Đặng Thanh N', 2, 'Hiệu năng tốt, đa nhiệm mượt.'),
(65, 'Bùi Hoài C', 5, 'Giá hợp lý.'),
(65, 'Lê Hữu D', 4, 'Cập nhật hệ điều hành.'),
(65, 'Bùi Hữu D', 3, 'Hiệu năng tốt, đa nhiệm mượt.'),
(66, 'Huỳnh Thanh E', 1, 'Bút stylus chính xác.'),
(66, 'Vũ Minh C', 1, 'Bút stylus chính xác.'),
(66, 'Huỳnh Quốc N', 5, 'Nhẹ, dễ cầm.'),
(66, 'Bùi Minh G', 2, 'Loa nghe tốt.'),
(66, 'Phạm Thanh F', 1, 'Giá hợp lý.'),
(66, 'Trần Quốc C', 1, 'Nhẹ, dễ cầm.'),
(66, 'Trần Thu M', 5, 'Thiết kế mỏng.'),
(66, 'Phạm Kim J', 2, 'Bút stylus chính xác.'),
(66, 'Bùi Quốc K', 4, 'Cập nhật hệ điều hành.'),
(66, 'Nguyễn Minh K', 4, 'Cập nhật hệ điều hành.'),
(66, 'Phạm Thanh A', 2, 'Hiệu năng tốt, đa nhiệm mượt.'),
(66, 'Phan Hữu H', 1, 'Cập nhật hệ điều hành.'),
(66, 'Nguyễn Ngọc A', 1, 'Nhẹ, dễ cầm.'),
(66, 'Nguyễn Minh H', 4, 'Pin trâu, dùng lâu.'),
(66, 'Vũ Văn C', 2, 'Cập nhật hệ điều hành.'),
(66, 'Hoàng Văn H', 5, 'Hiệu năng tốt, đa nhiệm mượt.'),
(66, 'Hoàng Văn N', 3, 'Giá hợp lý.'),
(67, 'Vũ Hoài N', 1, 'Màn hình lớn, xem phim hay.'),
(67, 'Vũ Thanh F', 3, 'Loa nghe tốt.'),
(67, 'Huỳnh Hoài B', 3, 'Cập nhật hệ điều hành.'),
(67, 'Lê Văn J', 1, 'Thiết kế mỏng.'),
(67, 'Nguyễn Quốc L', 3, 'Hiệu năng tốt, đa nhiệm mượt.'),
(67, 'Lê Minh F', 3, 'Giá hợp lý.'),
(67, 'Nguyễn Ngọc K', 5, 'Thiết kế mỏng.'),
(67, 'Phạm Hữu D', 1, 'Giá hợp lý.'),
(67, 'Phan Hoài E', 2, 'Loa nghe tốt.'),
(67, 'Trần Hoài A', 3, 'Loa nghe tốt.'),
(67, 'Bùi Quốc I', 4, 'Hiệu năng tốt, đa nhiệm mượt.'),
(67, 'Đặng Thị I', 1, 'Thiết kế mỏng.'),
(68, 'Lê Minh B', 3, 'Hiệu năng tốt, đa nhiệm mượt.'),
(68, 'Lê Minh N', 5, 'Hiệu năng tốt, đa nhiệm mượt.'),
(68, 'Lê Hoài J', 1, 'Kết nối phụ kiện dễ dàng.'),
(68, 'Hoàng Kim A', 1, 'Pin trâu, dùng lâu.'),
(68, 'Lê Quốc C', 3, 'Cập nhật hệ điều hành.'),
(68, 'Huỳnh Minh M', 4, 'Cập nhật hệ điều hành.'),
(68, 'Phan Hữu D', 5, 'Hiệu năng tốt, đa nhiệm mượt.'),
(68, 'Phan Hoài D', 5, 'Nhẹ, dễ cầm.'),
(68, 'Đặng Ngọc I', 1, 'Kết nối phụ kiện dễ dàng.'),
(69, 'Phan Kim C', 4, 'Bút stylus chính xác.'),
(69, 'Vũ Hoài C', 3, 'Màn hình lớn, xem phim hay.'),
(69, 'Nguyễn Văn H', 2, 'Loa nghe tốt.'),
(69, 'Bùi Kim M', 2, 'Pin trâu, dùng lâu.'),
(69, 'Huỳnh Quốc K', 5, 'Pin trâu, dùng lâu.'),
(69, 'Lê Ngọc A', 2, 'Loa nghe tốt.'),
(69, 'Huỳnh Thanh K', 2, 'Cập nhật hệ điều hành.'),
(69, 'Phạm Kim A', 2, 'Giá hợp lý.'),
(69, 'Huỳnh Hữu A', 4, 'Thiết kế mỏng.'),
(69, 'Nguyễn Hữu J', 1, 'Nhẹ, dễ cầm.'),
(69, 'Lê Hữu A', 1, 'Cập nhật hệ điều hành.'),
(69, 'Lê Thanh C', 4, 'Nhẹ, dễ cầm.'),
(69, 'Lê Quốc E', 3, 'Nhẹ, dễ cầm.'),
(69, 'Phạm Kim A', 4, 'Màn hình lớn, xem phim hay.'),
(70, 'Nguyễn Hoài H', 5, 'Loa nghe tốt.'),
(70, 'Nguyễn Thanh E', 1, 'Giá hợp lý.'),
(70, 'Vũ Kim G', 4, 'Bút stylus chính xác.'),
(70, 'Nguyễn Quốc G', 1, 'Nhẹ, dễ cầm.'),
(70, 'Phan Ngọc C', 2, 'Kết nối phụ kiện dễ dàng.'),
(70, 'Vũ Hữu D', 2, 'Thiết kế mỏng.'),
(70, 'Nguyễn Hữu M', 2, 'Loa nghe tốt.'),
(70, 'Nguyễn Ngọc H', 3, 'Nhẹ, dễ cầm.'),
(70, 'Nguyễn Kim C', 2, 'Kết nối phụ kiện dễ dàng.'),
(70, 'Huỳnh Thanh D', 4, 'Thiết kế mỏng.'),
(71, 'Trần Văn M', 5, 'Chụp ảnh nét, chất lượng cao.'),
(71, 'Trần Văn E', 5, 'Giá đáng tiền.'),
(71, 'Nguyễn Thanh H', 3, 'Nhiều chế độ chụp.'),
(71, 'Huỳnh Minh E', 2, 'Nhiều chế độ chụp.'),
(71, 'Bùi Hoài L', 4, 'Giá đáng tiền.'),
(71, 'Vũ Hoài G', 5, 'Màn hình xem lại đẹp.'),
(71, 'Lê Minh H', 2, 'Nhẹ, dễ mang theo.'),
(71, 'Vũ Kim H', 4, 'Nhiều chế độ chụp.'),
(71, 'Bùi Thu H', 1, 'Pin lâu, chụp nhiều ảnh.'),
(71, 'Hoàng Hoài B', 3, 'Giá đáng tiền.'),
(71, 'Hoàng Thị N', 2, 'Nhẹ, dễ mang theo.'),
(71, 'Huỳnh Ngọc I', 4, 'Kết nối wifi nhanh.'),
(71, 'Nguyễn Hữu E', 1, 'Pin lâu, chụp nhiều ảnh.'),
(71, 'Huỳnh Kim E', 5, 'Nhiều chế độ chụp.'),
(71, 'Nguyễn Thanh J', 3, 'Pin lâu, chụp nhiều ảnh.'),
(71, 'Đặng Ngọc C', 2, 'Chụp ảnh nét, chất lượng cao.'),
(71, 'Huỳnh Kim A', 1, 'Pin lâu, chụp nhiều ảnh.'),
(72, 'Hoàng Văn L', 1, 'Bền bỉ, chống chịu tốt.'),
(72, 'Phan Hữu K', 1, 'Bền bỉ, chống chịu tốt.'),
(72, 'Hoàng Thu M', 5, 'Màn hình xem lại đẹp.'),
(72, 'Đặng Kim G', 4, 'Chống rung tốt.'),
(72, 'Bùi Thanh I', 5, 'Chống rung tốt.'),
(72, 'Bùi Thị M', 4, 'Zoom tốt, chụp xa rõ.'),
(72, 'Huỳnh Văn G', 5, 'Bền bỉ, chống chịu tốt.'),
(72, 'Trần Hoài I', 3, 'Chống rung tốt.'),
(72, 'Phan Hoài B', 3, 'Bền bỉ, chống chịu tốt.'),
(72, 'Bùi Hoài H', 4, 'Zoom tốt, chụp xa rõ.'),
(72, 'Hoàng Ngọc A', 5, 'Nhiều chế độ chụp.'),
(72, 'Trần Thị F', 4, 'Màn hình xem lại đẹp.'),
(73, 'Huỳnh Ngọc K', 1, 'Zoom tốt, chụp xa rõ.'),
(73, 'Trần Hoài I', 5, 'Chống rung tốt.'),
(73, 'Hoàng Thị M', 5, 'Bền bỉ, chống chịu tốt.'),
(73, 'Phan Minh K', 2, 'Pin lâu, chụp nhiều ảnh.'),
(73, 'Đặng Minh H', 5, 'Kết nối wifi nhanh.'),
(73, 'Trần Kim N', 5, 'Nhẹ, dễ mang theo.'),
(73, 'Phan Hoài H', 3, 'Chống rung tốt.'),
(73, 'Đặng Kim H', 5, 'Nhẹ, dễ mang theo.'),
(73, 'Bùi Hoài D', 3, 'Nhẹ, dễ mang theo.'),
(73, 'Nguyễn Hoài I', 4, 'Kết nối wifi nhanh.'),
(73, 'Trần Thị A', 5, 'Kết nối wifi nhanh.'),
(73, 'Đặng Văn D', 5, 'Nhiều chế độ chụp.'),
(73, 'Trần Hữu M', 3, 'Bền bỉ, chống chịu tốt.'),
(73, 'Bùi Hoài B', 5, 'Chống rung tốt.'),
(74, 'Nguyễn Hoài K', 1, 'Pin lâu, chụp nhiều ảnh.'),
(74, 'Nguyễn Kim N', 2, 'Zoom tốt, chụp xa rõ.'),
(74, 'Lê Ngọc G', 2, 'Màn hình xem lại đẹp.'),
(74, 'Phan Hữu C', 5, 'Kết nối wifi nhanh.'),
(74, 'Nguyễn Hoài N', 3, 'Chống rung tốt.'),
(74, 'Đặng Quốc F', 3, 'Màn hình xem lại đẹp.'),
(74, 'Bùi Thanh M', 4, 'Nhẹ, dễ mang theo.'),
(74, 'Huỳnh Thị K', 5, 'Nhẹ, dễ mang theo.'),
(74, 'Nguyễn Hữu I', 1, 'Màn hình xem lại đẹp.'),
(74, 'Huỳnh Kim D', 4, 'Chống rung tốt.'),
(74, 'Bùi Thị H', 4, 'Giá đáng tiền.'),
(74, 'Nguyễn Ngọc D', 4, 'Pin lâu, chụp nhiều ảnh.'),
(74, 'Bùi Thanh D', 3, 'Kết nối wifi nhanh.'),
(74, 'Trần Thu K', 1, 'Chống rung tốt.'),
(74, 'Vũ Minh M', 3, 'Màn hình xem lại đẹp.'),
(75, 'Phạm Hoài E', 3, 'Nhiều chế độ chụp.'),
(75, 'Bùi Thu C', 2, 'Zoom tốt, chụp xa rõ.'),
(75, 'Phan Thanh C', 2, 'Kết nối wifi nhanh.'),
(75, 'Nguyễn Minh K', 3, 'Nhiều chế độ chụp.'),
(75, 'Phạm Hoài C', 1, 'Nhiều chế độ chụp.'),
(75, 'Phạm Hoài L', 2, 'Giá đáng tiền.'),
(75, 'Huỳnh Thanh B', 3, 'Giá đáng tiền.'),
(75, 'Huỳnh Thị D', 2, 'Nhiều chế độ chụp.'),
(75, 'Phạm Minh I', 2, 'Màn hình xem lại đẹp.'),
(75, 'Phan Ngọc D', 1, 'Nhẹ, dễ mang theo.'),
(75, 'Vũ Minh K', 4, 'Bền bỉ, chống chịu tốt.'),
(76, 'Trần Kim B', 2, 'Kết nối wifi nhanh.'),
(76, 'Lê Minh A', 4, 'Màn hình xem lại đẹp.'),
(76, 'Vũ Văn I', 2, 'Kết nối wifi nhanh.'),
(76, 'Nguyễn Thị I', 5, 'Nhiều chế độ chụp.'),
(76, 'Nguyễn Kim I', 3, 'Pin lâu, chụp nhiều ảnh.'),
(76, 'Lê Hoài E', 5, 'Kết nối wifi nhanh.'),
(76, 'Nguyễn Thanh L', 5, 'Chống rung tốt.'),
(76, 'Nguyễn Hoài N', 1, 'Pin lâu, chụp nhiều ảnh.'),
(76, 'Huỳnh Quốc M', 2, 'Kết nối wifi nhanh.'),
(76, 'Đặng Minh C', 2, 'Zoom tốt, chụp xa rõ.'),
(76, 'Phan Hoài A', 5, 'Nhẹ, dễ mang theo.'),
(77, 'Phan Quốc I', 4, 'Kết nối wifi nhanh.'),
(77, 'Đặng Hữu L', 1, 'Nhiều chế độ chụp.'),
(77, 'Nguyễn Minh A', 4, 'Pin lâu, chụp nhiều ảnh.'),
(77, 'Phan Hoài I', 3, 'Kết nối wifi nhanh.'),
(77, 'Phan Minh G', 1, 'Nhiều chế độ chụp.'),
(77, 'Trần Hoài D', 4, 'Chụp ảnh nét, chất lượng cao.'),
(77, 'Nguyễn Thị F', 2, 'Chụp ảnh nét, chất lượng cao.'),
(77, 'Nguyễn Thanh G', 4, 'Pin lâu, chụp nhiều ảnh.'),
(77, 'Trần Minh A', 4, 'Nhiều chế độ chụp.'),
(77, 'Hoàng Hữu B', 4, 'Zoom tốt, chụp xa rõ.'),
(77, 'Vũ Ngọc L', 1, 'Chống rung tốt.'),
(77, 'Đặng Hoài B', 4, 'Màn hình xem lại đẹp.'),
(77, 'Trần Minh B', 2, 'Nhẹ, dễ mang theo.'),
(77, 'Nguyễn Hoài B', 2, 'Kết nối wifi nhanh.'),
(78, 'Phạm Kim L', 4, 'Zoom tốt, chụp xa rõ.'),
(78, 'Lê Minh N', 5, 'Màn hình xem lại đẹp.'),
(78, 'Nguyễn Hữu E', 3, 'Zoom tốt, chụp xa rõ.'),
(78, 'Đặng Văn B', 5, 'Zoom tốt, chụp xa rõ.'),
(78, 'Trần Văn D', 2, 'Chống rung tốt.'),
(78, 'Phạm Hoài F', 5, 'Chụp ảnh nét, chất lượng cao.'),
(78, 'Đặng Văn K', 4, 'Màn hình xem lại đẹp.'),
(78, 'Phạm Hữu G', 2, 'Chụp ảnh nét, chất lượng cao.'),
(78, 'Phạm Văn B', 2, 'Zoom tốt, chụp xa rõ.'),
(78, 'Lê Thu F', 2, 'Bền bỉ, chống chịu tốt.'),
(78, 'Huỳnh Hữu H', 4, 'Pin lâu, chụp nhiều ảnh.'),
(78, 'Bùi Thu H', 5, 'Kết nối wifi nhanh.'),
(79, 'Vũ Văn B', 3, 'Zoom tốt, chụp xa rõ.'),
(79, 'Phan Thu N', 2, 'Màn hình xem lại đẹp.'),
(79, 'Nguyễn Thu A', 4, 'Chống rung tốt.'),
(79, 'Đặng Minh D', 1, 'Chống rung tốt.'),
(79, 'Trần Hoài L', 3, 'Chụp ảnh nét, chất lượng cao.'),
(79, 'Vũ Quốc G', 4, 'Bền bỉ, chống chịu tốt.'),
(79, 'Lê Quốc H', 5, 'Màn hình xem lại đẹp.'),
(80, 'Hoàng Thị H', 5, 'Pin lâu, chụp nhiều ảnh.'),
(80, 'Vũ Văn K', 4, 'Màn hình xem lại đẹp.'),
(80, 'Phạm Minh B', 4, 'Nhiều chế độ chụp.'),
(80, 'Phạm Thanh H', 5, 'Chống rung tốt.'),
(80, 'Đặng Ngọc L', 1, 'Bền bỉ, chống chịu tốt.'),
(80, 'Lê Minh I', 1, 'Bền bỉ, chống chịu tốt.'),
(80, 'Nguyễn Thu F', 5, 'Nhẹ, dễ mang theo.'),
(81, 'Trần Hữu M', 4, 'Bền bỉ, chống chịu tốt.'),
(81, 'Bùi Minh N', 2, 'Bền bỉ, chống chịu tốt.'),
(81, 'Phạm Ngọc M', 3, 'Giá đáng tiền.'),
(81, 'Đặng Thanh J', 1, 'Giá đáng tiền.'),
(81, 'Huỳnh Minh H', 1, 'Nhiều chế độ chụp.'),
(81, 'Phan Thị H', 5, 'Nhẹ, dễ mang theo.'),
(81, 'Hoàng Quốc B', 3, 'Pin lâu, chụp nhiều ảnh.'),
(81, 'Trần Hữu J', 4, 'Bền bỉ, chống chịu tốt.'),
(81, 'Vũ Quốc A', 2, 'Chống rung tốt.'),
(81, 'Vũ Kim C', 5, 'Nhiều chế độ chụp.'),
(82, 'Lê Hữu G', 1, 'Pin lâu, chụp nhiều ảnh.'),
(82, 'Trần Thanh D', 2, 'Pin lâu, chụp nhiều ảnh.'),
(82, 'Bùi Thị K', 1, 'Bền bỉ, chống chịu tốt.'),
(82, 'Phan Kim N', 1, 'Màn hình xem lại đẹp.'),
(82, 'Vũ Thu I', 3, 'Màn hình xem lại đẹp.'),
(82, 'Trần Kim A', 3, 'Kết nối wifi nhanh.'),
(82, 'Huỳnh Quốc H', 1, 'Màn hình xem lại đẹp.'),
(82, 'Phạm Minh I', 4, 'Giá đáng tiền.'),
(82, 'Huỳnh Thanh C', 4, 'Nhẹ, dễ mang theo.'),
(83, 'Trần Hữu D', 3, 'Pin lâu, chụp nhiều ảnh.'),
(83, 'Vũ Văn D', 2, 'Chống rung tốt.'),
(83, 'Hoàng Minh L', 1, 'Kết nối wifi nhanh.'),
(83, 'Bùi Kim C', 3, 'Pin lâu, chụp nhiều ảnh.'),
(83, 'Hoàng Hoài A', 1, 'Zoom tốt, chụp xa rõ.'),
(83, 'Lê Thị C', 4, 'Bền bỉ, chống chịu tốt.'),
(83, 'Huỳnh Thị I', 3, 'Màn hình xem lại đẹp.'),
(83, 'Huỳnh Văn D', 4, 'Kết nối wifi nhanh.'),
(83, 'Huỳnh Quốc H', 2, 'Kết nối wifi nhanh.'),
(83, 'Đặng Văn N', 3, 'Nhiều chế độ chụp.'),
(83, 'Phan Thanh F', 1, 'Nhiều chế độ chụp.'),
(84, 'Trần Thanh C', 1, 'Giá đáng tiền.'),
(84, 'Lê Kim H', 4, 'Zoom tốt, chụp xa rõ.'),
(84, 'Hoàng Ngọc D', 5, 'Kết nối wifi nhanh.'),
(84, 'Lê Văn C', 3, 'Nhẹ, dễ mang theo.'),
(84, 'Nguyễn Văn A', 5, 'Chống rung tốt.'),
(84, 'Hoàng Văn L', 2, 'Bền bỉ, chống chịu tốt.'),
(84, 'Phan Quốc H', 1, 'Pin lâu, chụp nhiều ảnh.'),
(84, 'Nguyễn Thanh N', 1, 'Nhẹ, dễ mang theo.');